CUSTOMER_ID,COMPANY_NAME,CURRENT_ARR,CURRENT_PRODUCT_COUNT,POTENTIAL_PRODUCT_COUNT,TOTAL_POTENTIAL_ARR,TOTAL_EXPECTED_POTENTIAL_ARR,TOP_5_SIMILAR_COMPANIES,AVG_SIMILARITY_SCORE,POTENTIAL_PRODUCTS,TOP_PRODUCT_RECOMMENDATION,TOP_PRODUCT_EXPECTED_ARR
CUST_000013,Clinical Associates,1601116,3,7,5378873,4113597,"Medical Systems, Harber LLC, Swaniawski Inc, Trust Holdings, Medical Group",75.8,"[{""PRODUCT_ID"": ""PROD_009"", ""PRODUCT_NAME"": ""DNA Center Network Automation"", ""PRODUCT_TYPE"": ""Platform"", ""POTENTIAL_ARR"": 1631033.7833333334, ""EXPECTED_ARR"": 1288516.6888333336, ""PURCHASE_PROBABILITY"": 79.0, ""MAX_SIMILARITY_SCORE"": 79, ""ESTIMATED_LICENSES"": 95, ""PRICE_PER_LICENSE"": 17168.77666666667, ""SIMILAR_COMPANIES_WITH_PRODUCT"": ""Harber LLC, Swaniawski Inc""}, {""PRODUCT_ID"": ""PROD_007"", ""PRODUCT_NAME"": ""Catalyst Network Infrastructure"", ""PRODUCT_TYPE"": ""Platform"", ""POTENTIAL_ARR"": 875774.9911764704, ""EXPECTED_ARR"": 639315.7435588234, ""PURCHASE_PROBABILITY"": 73.0, ""MAX_SIMILARITY_SCORE"": 73, ""ESTIMATED_LICENSES"": 95, ""PRICE_PER_LICENSE"": 9218.684117647057, ""SIMILAR_COMPANIES_WITH_PRODUCT"": ""Medical Group""}, {""PRODUCT_ID"": ""PROD_006"", ""PRODUCT_NAME"": ""AppDynamics APM"", ""PRODUCT_TYPE"": ""Platform"", ""POTENTIAL_ARR"": 838985.7636363636, ""EXPECTED_ARR"": 612459.6074545453, ""PURCHASE_PROBABILITY"": 73.0, ""MAX_SIMILARITY_SCORE"": 73, ""ESTIMATED_LICENSES"": 95, ""PRICE_PER_LICENSE"": 8831.42909090909, ""SIMILAR_COMPANIES_WITH_PRODUCT"": ""Medical Group""}, {""PRODUCT_ID"": ""PROD_010"", ""PRODUCT_NAME"": ""Contact Center AI"", ""PRODUCT_TYPE"": ""Platform"", ""POTENTIAL_ARR"": 650081.2, ""EXPECTED_ARR"": 513564.148, ""PURCHASE_PROBABILITY"": 79.0, ""MAX_SIMILARITY_SCORE"": 79, ""ESTIMATED_LICENSES"": 95, ""PRICE_PER_LICENSE"": 6842.959999999999, ""SIMILAR_COMPANIES_WITH_PRODUCT"": ""Medical Systems, Trust Holdings""}, {""PRODUCT_ID"": ""PROD_001"", ""PRODUCT_NAME"": ""Meraki Security Suite"", ""PRODUCT_TYPE"": ""Platform"", ""POTENTIAL_ARR"": 547121.5970588236, ""EXPECTED_ARR"": 399398.7658529412, ""PURCHASE_PROBABILITY"": 73.0, ""MAX_SIMILARITY_SCORE"": 73, ""ESTIMATED_LICENSES"": 95, ""PRICE_PER_LICENSE"": 5759.174705882353, ""SIMILAR_COMPANIES_WITH_PRODUCT"": ""Trust Holdings""}, {""PRODUCT_ID"": ""PROD_003"", ""PRODUCT_NAME"": ""Umbrella Cloud Security"", ""PRODUCT_TYPE"": ""Platform"", ""POTENTIAL_ARR"": 480590.49090909085, ""EXPECTED_ARR"": 379666.4878181818, ""PURCHASE_PROBABILITY"": 79.0, ""MAX_SIMILARITY_SCORE"": 79, ""ESTIMATED_LICENSES"": 95, ""PRICE_PER_LICENSE"": 5058.847272727272, ""SIMILAR_COMPANIES_WITH_PRODUCT"": ""Medical Systems, Harber LLC""}, {""PRODUCT_ID"": ""PROD_002"", ""PRODUCT_NAME"": ""Duo Multi-Factor Authentication"", ""PRODUCT_TYPE"": ""Add-on"", ""POTENTIAL_ARR"": 355285.3071428572, ""EXPECTED_ARR"": 280675.39264285716, ""PURCHASE_PROBABILITY"": 79.0, ""MAX_SIMILARITY_SCORE"": 79, ""ESTIMATED_LICENSES"": 66, ""PRICE_PER_LICENSE"": 5383.1107142857145, ""SIMILAR_COMPANIES_WITH_PRODUCT"": ""Harber LLC""}]",DNA Center Network Automation,1288517
CUST_000006,Harber LLC,747423,3,7,3942767,3069300,"Bode - Mayer, Clinical Associates, Wealth Group, Ondricka, Waters and Wilderman, Kris - Dibbert",76.8,"[{""PRODUCT_ID"": ""PROD_007"", ""PRODUCT_NAME"": ""Catalyst Network Infrastructure"", ""PRODUCT_TYPE"": ""Platform"", ""POTENTIAL_ARR"": 774369.4658823528, ""EXPECTED_ARR"": 588520.7940705881, ""PURCHASE_PROBABILITY"": 76.0, ""MAX_SIMILARITY_SCORE"": 76, ""ESTIMATED_LICENSES"": 84, ""PRICE_PER_LICENSE"": 9218.684117647057, ""SIMILAR_COMPANIES_WITH_PRODUCT"": ""Wealth Group, Ondricka, Waters and Wilderman""}, {""PRODUCT_ID"": ""PROD_006"", ""PRODUCT_NAME"": ""AppDynamics APM"", ""PRODUCT_TYPE"": ""Platform"", ""POTENTIAL_ARR"": 741840.0436363636, ""EXPECTED_ARR"": 563798.4331636364, ""PURCHASE_PROBABILITY"": 76.0, ""MAX_SIMILARITY_SCORE"": 76, ""ESTIMATED_LICENSES"": 84, ""PRICE_PER_LICENSE"": 8831.42909090909, ""SIMILAR_COMPANIES_WITH_PRODUCT"": ""Wealth Group""}, {""PRODUCT_ID"": ""PROD_005"", ""PRODUCT_NAME"": ""ThousandEyes Network Intelligence"", ""PRODUCT_TYPE"": ""Platform"", ""POTENTIAL_ARR"": 638487.15, ""EXPECTED_ARR"": 504404.8485, ""PURCHASE_PROBABILITY"": 79.0, ""MAX_SIMILARITY_SCORE"": 79, ""ESTIMATED_LICENSES"": 84, ""PRICE_PER_LICENSE"": 7601.0375, ""SIMILAR_COMPANIES_WITH_PRODUCT"": ""Bode - Mayer, Clinical Associates""}, {""PRODUCT_ID"": ""PROD_010"", ""PRODUCT_NAME"": ""Contact Center AI"", ""PRODUCT_TYPE"": ""Platform"", ""POTENTIAL_ARR"": 574808.6399999999, ""EXPECTED_ARR"": 454098.8255999999, ""PURCHASE_PROBABILITY"": 79.0, ""MAX_SIMILARITY_SCORE"": 79, ""ESTIMATED_LICENSES"": 84, ""PRICE_PER_LICENSE"": 6842.959999999999, ""SIMILAR_COMPANIES_WITH_PRODUCT"": ""Bode - Mayer, Kris - Dibbert""}, {""PRODUCT_ID"": ""PROD_001"", ""PRODUCT_NAME"": ""Meraki Security Suite"", ""PRODUCT_TYPE"": ""Platform"", ""POTENTIAL_ARR"": 483770.67529411765, ""EXPECTED_ARR"": 382178.83348235296, ""PURCHASE_PROBABILITY"": 79.0, ""MAX_SIMILARITY_SCORE"": 79, ""ESTIMATED_LICENSES"": 84, ""PRICE_PER_LICENSE"": 5759.174705882353, ""SIMILAR_COMPANIES_WITH_PRODUCT"": ""Bode - Mayer, Ondricka, Waters and Wilderman, Kris - Dibbert""}, {""PRODUCT_ID"": ""PROD_004"", ""PRODUCT_NAME"": ""Webex Collaboration Platform"", ""PRODUCT_TYPE"": ""Platform"", ""POTENTIAL_ARR"": 437901.492, ""EXPECTED_ARR"": 345942.17868, ""PURCHASE_PROBABILITY"": 79.0, ""MAX_SIMILARITY_SCORE"": 79, ""ESTIMATED_LICENSES"": 84, ""PRICE_PER_LICENSE"": 5213.113, ""SIMILAR_COMPANIES_WITH_PRODUCT"": ""Clinical Associates, Wealth Group""}, {""PRODUCT_ID"": ""PROD_008"", ""PRODUCT_NAME"": ""SecureX Threat Response"", ""PRODUCT_TYPE"": ""Add-on"", ""POTENTIAL_ARR"": 291589.3933333333, ""EXPECTED_ARR"": 230355.62073333332, ""PURCHASE_PROBABILITY"": 79.0, ""MAX_SIMILARITY_SCORE"": 79, ""ESTIMATED_LICENSES"": 58, ""PRICE_PER_LICENSE"": 5027.403333333333, ""SIMILAR_COMPANIES_WITH_PRODUCT"": ""Clinical Associates""}]",Catalyst Network Infrastructure,588521
CUST_000007,"Baumbach, Dietrich and Mueller",1091244,2,6,3809845,2994345,"Swaniawski Inc, Credit Group, Mohr and Sons, Ondricka, Waters and Wilderman, Herzog, Bode and Frami",77.0,"[{""PRODUCT_ID"": ""PROD_009"", ""PRODUCT_NAME"": ""DNA Center Network Automation"", ""PRODUCT_TYPE"": ""Platform"", ""POTENTIAL_ARR"": 1356333.356666667, ""EXPECTED_ARR"": 1098630.0189000003, ""PURCHASE_PROBABILITY"": 81.0, ""MAX_SIMILARITY_SCORE"": 81, ""ESTIMATED_LICENSES"": 79, ""PRICE_PER_LICENSE"": 17168.77666666667, ""SIMILAR_COMPANIES_WITH_PRODUCT"": ""Swaniawski Inc""}, {""PRODUCT_ID"": ""PROD_007"", ""PRODUCT_NAME"": ""Catalyst Network Infrastructure"", ""PRODUCT_TYPE"": ""Platform"", ""POTENTIAL_ARR"": 728276.0452941175, ""EXPECTED_ARR"": 560772.5548764705, ""PURCHASE_PROBABILITY"": 77.0, ""MAX_SIMILARITY_SCORE"": 77, ""ESTIMATED_LICENSES"": 79, ""PRICE_PER_LICENSE"": 9218.684117647057, ""SIMILAR_COMPANIES_WITH_PRODUCT"": ""Credit Group, Ondricka, Waters and Wilderman, Herzog, Bode and Frami""}, {""PRODUCT_ID"": ""PROD_006"", ""PRODUCT_NAME"": ""AppDynamics APM"", ""PRODUCT_TYPE"": ""Platform"", ""POTENTIAL_ARR"": 697682.8981818182, ""EXPECTED_ARR"": 537215.8316, ""PURCHASE_PROBABILITY"": 77.0, ""MAX_SIMILARITY_SCORE"": 77, ""ESTIMATED_LICENSES"": 79, ""PRICE_PER_LICENSE"": 8831.42909090909, ""SIMILAR_COMPANIES_WITH_PRODUCT"": ""Credit Group""}, {""PRODUCT_ID"": ""PROD_001"", ""PRODUCT_NAME"": ""Meraki Security Suite"", ""PRODUCT_TYPE"": ""Platform"", ""POTENTIAL_ARR"": 454974.8017647059, ""EXPECTED_ARR"": 345780.8493411765, ""PURCHASE_PROBABILITY"": 76.0, ""MAX_SIMILARITY_SCORE"": 76, ""ESTIMATED_LICENSES"": 79, ""PRICE_PER_LICENSE"": 5759.174705882353, ""SIMILAR_COMPANIES_WITH_PRODUCT"": ""Ondricka, Waters and Wilderman""}, {""PRODUCT_ID"": ""PROD_002"", ""PRODUCT_NAME"": ""Duo Multi-Factor Authentication"", ""PRODUCT_TYPE"": ""Add-on"", ""POTENTIAL_ARR"": 296071.0892857143, ""EXPECTED_ARR"": 227974.73875000002, ""PURCHASE_PROBABILITY"": 77.0, ""MAX_SIMILARITY_SCORE"": 77, ""ESTIMATED_LICENSES"": 55, ""PRICE_PER_LICENSE"": 5383.1107142857145, ""SIMILAR_COMPANIES_WITH_PRODUCT"": ""Mohr and Sons""}, {""PRODUCT_ID"": ""PROD_008"", ""PRODUCT_NAME"": ""SecureX Threat Response"", ""PRODUCT_TYPE"": ""Add-on"", ""POTENTIAL_ARR"": 276507.1833333333, ""EXPECTED_ARR"": 223970.8185, ""PURCHASE_PROBABILITY"": 81.0, ""MAX_SIMILARITY_SCORE"": 81, ""ESTIMATED_LICENSES"": 55, ""PRICE_PER_LICENSE"": 5027.403333333333, ""SIMILAR_COMPANIES_WITH_PRODUCT"": ""Swaniawski Inc""}]",DNA Center Network Automation,1098630
CUST_000008,Swaniawski Inc,1456970,2,6,3351966,2737670,"Ondricka, Waters and Wilderman, Baumbach, Dietrich and Mueller, Medical Group, Cyber Systems, Clinical Associates",79.4,"[{""PRODUCT_ID"": ""PROD_007"", ""PRODUCT_NAME"": ""Catalyst Network Infrastructure"", ""PRODUCT_TYPE"": ""Platform"", ""POTENTIAL_ARR"": 765150.7817647058, ""EXPECTED_ARR"": 650378.1645, ""PURCHASE_PROBABILITY"": 85.0, ""MAX_SIMILARITY_SCORE"": 85, ""ESTIMATED_LICENSES"": 83, ""PRICE_PER_LICENSE"": 9218.684117647057, ""SIMILAR_COMPANIES_WITH_PRODUCT"": ""Ondricka, Waters and Wilderman, Medical Group""}, {""PRODUCT_ID"": ""PROD_006"", ""PRODUCT_NAME"": ""AppDynamics APM"", ""PRODUCT_TYPE"": ""Platform"", ""POTENTIAL_ARR"": 733008.6145454545, ""EXPECTED_ARR"": 579076.805490909, ""PURCHASE_PROBABILITY"": 79.0, ""MAX_SIMILARITY_SCORE"": 79, ""ESTIMATED_LICENSES"": 83, ""PRICE_PER_LICENSE"": 8831.42909090909, ""SIMILAR_COMPANIES_WITH_PRODUCT"": ""Medical Group""}, {""PRODUCT_ID"": ""PROD_005"", ""PRODUCT_NAME"": ""ThousandEyes Network Intelligence"", ""PRODUCT_TYPE"": ""Platform"", ""POTENTIAL_ARR"": 630886.1125, ""EXPECTED_ARR"": 511017.75112500007, ""PURCHASE_PROBABILITY"": 81.0, ""MAX_SIMILARITY_SCORE"": 81, ""ESTIMATED_LICENSES"": 83, ""PRICE_PER_LICENSE"": 7601.0375, ""SIMILAR_COMPANIES_WITH_PRODUCT"": ""Baumbach, Dietrich and Mueller, Clinical Associates""}, {""PRODUCT_ID"": ""PROD_001"", ""PRODUCT_NAME"": ""Meraki Security Suite"", ""PRODUCT_TYPE"": ""Platform"", ""POTENTIAL_ARR"": 478011.5005882353, ""EXPECTED_ARR"": 406309.77550000005, ""PURCHASE_PROBABILITY"": 85.0, ""MAX_SIMILARITY_SCORE"": 85, ""ESTIMATED_LICENSES"": 83, ""PRICE_PER_LICENSE"": 5759.174705882353, ""SIMILAR_COMPANIES_WITH_PRODUCT"": ""Ondricka, Waters and Wilderman""}, {""PRODUCT_ID"": ""PROD_004"", ""PRODUCT_NAME"": ""Webex Collaboration Platform"", ""PRODUCT_TYPE"": ""Platform"", ""POTENTIAL_ARR"": 432688.379, ""EXPECTED_ARR"": 350477.58699000004, ""PURCHASE_PROBABILITY"": 81.0, ""MAX_SIMILARITY_SCORE"": 81, ""ESTIMATED_LICENSES"": 83, ""PRICE_PER_LICENSE"": 5213.113, ""SIMILAR_COMPANIES_WITH_PRODUCT"": ""Baumbach, Dietrich and Mueller, Cyber Systems, Clinical Associates""}, {""PRODUCT_ID"": ""PROD_002"", ""PRODUCT_NAME"": ""Duo Multi-Factor Authentication"", ""PRODUCT_TYPE"": ""Add-on"", ""POTENTIAL_ARR"": 312220.42142857146, ""EXPECTED_ARR"": 240409.72450000004, ""PURCHASE_PROBABILITY"": 77.0, ""MAX_SIMILARITY_SCORE"": 77, ""ESTIMATED_LICENSES"": 58, ""PRICE_PER_LICENSE"": 5383.1107142857145, ""SIMILAR_COMPANIES_WITH_PRODUCT"": ""Cyber Systems""}]",Catalyst Network Infrastructure,650378
CUST_000009,Quality Corporation,1004742,3,7,3185396,2563158,"Advanced Manufacturing Co, Global Financial Partners, Medical Alliance, Cloud Solutions, Capital Management",76.0,"[{""PRODUCT_ID"": ""PROD_009"", ""PRODUCT_NAME"": ""DNA Center Network Automation"", ""PRODUCT_TYPE"": ""Platform"", ""POTENTIAL_ARR"": 1064464.1533333336, ""EXPECTED_ARR"": 851571.3226666669, ""PURCHASE_PROBABILITY"": 80.0, ""MAX_SIMILARITY_SCORE"": 80, ""ESTIMATED_LICENSES"": 62, ""PRICE_PER_LICENSE"": 17168.77666666667, ""SIMILAR_COMPANIES_WITH_PRODUCT"": ""Global Financial Partners""}, {""PRODUCT_ID"": ""PROD_005"", ""PRODUCT_NAME"": ""ThousandEyes Network Intelligence"", ""PRODUCT_TYPE"": ""Platform"", ""POTENTIAL_ARR"": 471264.325, ""EXPECTED_ARR"": 381724.10325000004, ""PURCHASE_PROBABILITY"": 81.0, ""MAX_SIMILARITY_SCORE"": 81, ""ESTIMATED_LICENSES"": 62, ""PRICE_PER_LICENSE"": 7601.0375, ""SIMILAR_COMPANIES_WITH_PRODUCT"": ""Advanced Manufacturing Co, Global Financial Partners, Capital Management""}, {""PRODUCT_ID"": ""PROD_010"", ""PRODUCT_NAME"": ""Contact Center AI"", ""PRODUCT_TYPE"": ""Platform"", ""POTENTIAL_ARR"": 424263.51999999996, ""EXPECTED_ARR"": 343653.4512, ""PURCHASE_PROBABILITY"": 81.0, ""MAX_SIMILARITY_SCORE"": 81, ""ESTIMATED_LICENSES"": 62, ""PRICE_PER_LICENSE"": 6842.959999999999, ""SIMILAR_COMPANIES_WITH_PRODUCT"": ""Advanced Manufacturing Co""}, {""PRODUCT_ID"": ""PROD_001"", ""PRODUCT_NAME"": ""Meraki Security Suite"", ""PRODUCT_TYPE"": ""Platform"", ""POTENTIAL_ARR"": 357068.8317647059, ""EXPECTED_ARR"": 289225.7537294118, ""PURCHASE_PROBABILITY"": 81.0, ""MAX_SIMILARITY_SCORE"": 81, ""ESTIMATED_LICENSES"": 62, ""PRICE_PER_LICENSE"": 5759.174705882353, ""SIMILAR_COMPANIES_WITH_PRODUCT"": ""Advanced Manufacturing Co, Medical Alliance, Capital Management""}, {""PRODUCT_ID"": ""PROD_004"", ""PRODUCT_NAME"": ""Webex Collaboration Platform"", ""PRODUCT_TYPE"": ""Platform"", ""POTENTIAL_ARR"": 323213.006, ""EXPECTED_ARR"": 258570.40480000002, ""PURCHASE_PROBABILITY"": 80.0, ""MAX_SIMILARITY_SCORE"": 80, ""ESTIMATED_LICENSES"": 62, ""PRICE_PER_LICENSE"": 5213.113, ""SIMILAR_COMPANIES_WITH_PRODUCT"": ""Global Financial Partners, Cloud Solutions""}, {""PRODUCT_ID"": ""PROD_003"", ""PRODUCT_NAME"": ""Umbrella Cloud Security"", ""PRODUCT_TYPE"": ""Platform"", ""POTENTIAL_ARR"": 313648.5309090909, ""EXPECTED_ARR"": 250918.82472727273, ""PURCHASE_PROBABILITY"": 80.0, ""MAX_SIMILARITY_SCORE"": 80, ""ESTIMATED_LICENSES"": 62, ""PRICE_PER_LICENSE"": 5058.847272727272, ""SIMILAR_COMPANIES_WITH_PRODUCT"": ""Global Financial Partners, Cloud Solutions, Capital Management""}, {""PRODUCT_ID"": ""PROD_002"", ""PRODUCT_NAME"": ""Duo Multi-Factor Authentication"", ""PRODUCT_TYPE"": ""Add-on"", ""POTENTIAL_ARR"": 231473.76071428572, ""EXPECTED_ARR"": 187493.74617857145, ""PURCHASE_PROBABILITY"": 81.0, ""MAX_SIMILARITY_SCORE"": 81, ""ESTIMATED_LICENSES"": 43, ""PRICE_PER_LICENSE"": 5383.1107142857145, ""SIMILAR_COMPANIES_WITH_PRODUCT"": ""Advanced Manufacturing Co, Global Financial Partners, Medical Alliance""}]",DNA Center Network Automation,851571
CUST_000014,"Ondricka, Waters and Wilderman",1211950,2,6,3043533,2469940,"Swaniawski Inc, Cyber Systems, Schultz - Collins, Harber LLC, White, Boehm and Hilpert",78.6,"[{""PRODUCT_ID"": ""PROD_009"", ""PRODUCT_NAME"": ""DNA Center Network Automation"", ""PRODUCT_TYPE"": ""Platform"", ""POTENTIAL_ARR"": 1236151.9200000002, ""EXPECTED_ARR"": 1050729.1320000002, ""PURCHASE_PROBABILITY"": 85.0, ""MAX_SIMILARITY_SCORE"": 85, ""ESTIMATED_LICENSES"": 72, ""PRICE_PER_LICENSE"": 17168.77666666667, ""SIMILAR_COMPANIES_WITH_PRODUCT"": ""Swaniawski Inc, Harber LLC, White, Boehm and Hilpert""}, {""PRODUCT_ID"": ""PROD_005"", ""PRODUCT_NAME"": ""ThousandEyes Network Intelligence"", ""PRODUCT_TYPE"": ""Platform"", ""POTENTIAL_ARR"": 547274.7000000001, ""EXPECTED_ARR"": 415928.77200000006, ""PURCHASE_PROBABILITY"": 76.0, ""MAX_SIMILARITY_SCORE"": 76, ""ESTIMATED_LICENSES"": 72, ""PRICE_PER_LICENSE"": 7601.0375, ""SIMILAR_COMPANIES_WITH_PRODUCT"": ""White, Boehm and Hilpert""}, {""PRODUCT_ID"": ""PROD_004"", ""PRODUCT_NAME"": ""Webex Collaboration Platform"", ""PRODUCT_TYPE"": ""Platform"", ""POTENTIAL_ARR"": 375344.136, ""EXPECTED_ARR"": 296521.86744, ""PURCHASE_PROBABILITY"": 79.0, ""MAX_SIMILARITY_SCORE"": 79, ""ESTIMATED_LICENSES"": 72, ""PRICE_PER_LICENSE"": 5213.113, ""SIMILAR_COMPANIES_WITH_PRODUCT"": ""Cyber Systems""}, {""PRODUCT_ID"": ""PROD_003"", ""PRODUCT_NAME"": ""Umbrella Cloud Security"", ""PRODUCT_TYPE"": ""Platform"", ""POTENTIAL_ARR"": 364237.0036363636, ""EXPECTED_ARR"": 280462.4928, ""PURCHASE_PROBABILITY"": 77.0, ""MAX_SIMILARITY_SCORE"": 77, ""ESTIMATED_LICENSES"": 72, ""PRICE_PER_LICENSE"": 5058.847272727272, ""SIMILAR_COMPANIES_WITH_PRODUCT"": ""Schultz - Collins, Harber LLC""}, {""PRODUCT_ID"": ""PROD_008"", ""PRODUCT_NAME"": ""SecureX Threat Response"", ""PRODUCT_TYPE"": ""Add-on"", ""POTENTIAL_ARR"": 251370.16666666663, ""EXPECTED_ARR"": 213664.64166666663, ""PURCHASE_PROBABILITY"": 85.0, ""MAX_SIMILARITY_SCORE"": 85, ""ESTIMATED_LICENSES"": 50, ""PRICE_PER_LICENSE"": 5027.403333333333, ""SIMILAR_COMPANIES_WITH_PRODUCT"": ""Swaniawski Inc""}, {""PRODUCT_ID"": ""PROD_002"", ""PRODUCT_NAME"": ""Duo Multi-Factor Authentication"", ""PRODUCT_TYPE"": ""Add-on"", ""POTENTIAL_ARR"": 269155.53571428574, ""EXPECTED_ARR"": 212632.87321428573, ""PURCHASE_PROBABILITY"": 79.0, ""MAX_SIMILARITY_SCORE"": 79, ""ESTIMATED_LICENSES"": 50, ""PRICE_PER_LICENSE"": 5383.1107142857145, ""SIMILAR_COMPANIES_WITH_PRODUCT"": ""Cyber Systems, Harber LLC""}]",DNA Center Network Automation,1050729
CUST_000042,"Mitchell, Batz and Pouros",420242,2,7,2767292,2248555,"Schultz - Collins, Smith, Ratke and Ankunding, Bruen - Adams, Pagac - Muller, InnovateTech Solutions",81.8,"[{""PRODUCT_ID"": ""PROD_009"", ""PRODUCT_NAME"": ""DNA Center Network Automation"", ""PRODUCT_TYPE"": ""Platform"", ""POTENTIAL_ARR"": 841270.0566666668, ""EXPECTED_ARR"": 647777.9436333334, ""PURCHASE_PROBABILITY"": 77.0, ""MAX_SIMILARITY_SCORE"": 77, ""ESTIMATED_LICENSES"": 49, ""PRICE_PER_LICENSE"": 17168.77666666667, ""SIMILAR_COMPANIES_WITH_PRODUCT"": ""InnovateTech Solutions""}, {""PRODUCT_ID"": ""PROD_006"", ""PRODUCT_NAME"": ""AppDynamics APM"", ""PRODUCT_TYPE"": ""Platform"", ""POTENTIAL_ARR"": 432740.02545454545, ""EXPECTED_ARR"": 363501.62138181814, ""PURCHASE_PROBABILITY"": 84.0, ""MAX_SIMILARITY_SCORE"": 84, ""ESTIMATED_LICENSES"": 49, ""PRICE_PER_LICENSE"": 8831.42909090909, ""SIMILAR_COMPANIES_WITH_PRODUCT"": ""Smith, Ratke and Ankunding""}, {""PRODUCT_ID"": ""PROD_005"", ""PRODUCT_NAME"": ""ThousandEyes Network Intelligence"", ""PRODUCT_TYPE"": ""Platform"", ""POTENTIAL_ARR"": 372450.8375, ""EXPECTED_ARR"": 301685.178375, ""PURCHASE_PROBABILITY"": 81.0, ""MAX_SIMILARITY_SCORE"": 81, ""ESTIMATED_LICENSES"": 49, ""PRICE_PER_LICENSE"": 7601.0375, ""SIMILAR_COMPANIES_WITH_PRODUCT"": ""Pagac - Muller, InnovateTech Solutions""}, {""PRODUCT_ID"": ""PROD_010"", ""PRODUCT_NAME"": ""Contact Center AI"", ""PRODUCT_TYPE"": ""Platform"", ""POTENTIAL_ARR"": 335305.04, ""EXPECTED_ARR"": 278303.18319999997, ""PURCHASE_PROBABILITY"": 83.0, ""MAX_SIMILARITY_SCORE"": 83, ""ESTIMATED_LICENSES"": 49, ""PRICE_PER_LICENSE"": 6842.959999999999, ""SIMILAR_COMPANIES_WITH_PRODUCT"": ""Bruen - Adams""}, {""PRODUCT_ID"": ""PROD_001"", ""PRODUCT_NAME"": ""Meraki Security Suite"", ""PRODUCT_TYPE"": ""Platform"", ""POTENTIAL_ARR"": 282199.56058823527, ""EXPECTED_ARR"": 237047.6308941176, ""PURCHASE_PROBABILITY"": 84.0, ""MAX_SIMILARITY_SCORE"": 84, ""ESTIMATED_LICENSES"": 49, ""PRICE_PER_LICENSE"": 5759.174705882353, ""SIMILAR_COMPANIES_WITH_PRODUCT"": ""Schultz - Collins""}, {""PRODUCT_ID"": ""PROD_004"", ""PRODUCT_NAME"": ""Webex Collaboration Platform"", ""PRODUCT_TYPE"": ""Platform"", ""POTENTIAL_ARR"": 255442.537, ""EXPECTED_ARR"": 212017.30571, ""PURCHASE_PROBABILITY"": 83.0, ""MAX_SIMILARITY_SCORE"": 83, ""ESTIMATED_LICENSES"": 49, ""PRICE_PER_LICENSE"": 5213.113, ""SIMILAR_COMPANIES_WITH_PRODUCT"": ""Bruen - Adams, Pagac - Muller""}, {""PRODUCT_ID"": ""PROD_003"", ""PRODUCT_NAME"": ""Umbrella Cloud Security"", ""PRODUCT_TYPE"": ""Platform"", ""POTENTIAL_ARR"": 247883.51636363633, ""EXPECTED_ARR"": 208222.1537454545, ""PURCHASE_PROBABILITY"": 84.0, ""MAX_SIMILARITY_SCORE"": 84, ""ESTIMATED_LICENSES"": 49, ""PRICE_PER_LICENSE"": 5058.847272727272, ""SIMILAR_COMPANIES_WITH_PRODUCT"": ""Schultz - Collins""}]",DNA Center Network Automation,647778
CUST_000010,Block - Toy,1797331,3,5,2646678,1955631,"Gutmann, King and Gorczany, White, Boehm and Hilpert, Swaniawski Inc, Clinical Associates, Investment Management",73.2,"[{""PRODUCT_ID"": ""PROD_009"", ""PRODUCT_NAME"": ""DNA Center Network Automation"", ""PRODUCT_TYPE"": ""Platform"", ""POTENTIAL_ARR"": 1064464.1533333336, ""EXPECTED_ARR"": 787703.4734666668, ""PURCHASE_PROBABILITY"": 74.0, ""MAX_SIMILARITY_SCORE"": 74, ""ESTIMATED_LICENSES"": 62, ""PRICE_PER_LICENSE"": 17168.77666666667, ""SIMILAR_COMPANIES_WITH_PRODUCT"": ""White, Boehm and Hilpert, Swaniawski Inc""}, {""PRODUCT_ID"": ""PROD_007"", ""PRODUCT_NAME"": ""Catalyst Network Infrastructure"", ""PRODUCT_TYPE"": ""Platform"", ""POTENTIAL_ARR"": 571558.4152941175, ""EXPECTED_ARR"": 428668.81147058815, ""PURCHASE_PROBABILITY"": 75.0, ""MAX_SIMILARITY_SCORE"": 75, ""ESTIMATED_LICENSES"": 62, ""PRICE_PER_LICENSE"": 9218.684117647057, ""SIMILAR_COMPANIES_WITH_PRODUCT"": ""Gutmann, King and Gorczany, White, Boehm and Hilpert""}, {""PRODUCT_ID"": ""PROD_005"", ""PRODUCT_NAME"": ""ThousandEyes Network Intelligence"", ""PRODUCT_TYPE"": ""Platform"", ""POTENTIAL_ARR"": 471264.325, ""EXPECTED_ARR"": 348735.6005, ""PURCHASE_PROBABILITY"": 74.0, ""MAX_SIMILARITY_SCORE"": 74, ""ESTIMATED_LICENSES"": 62, ""PRICE_PER_LICENSE"": 7601.0375, ""SIMILAR_COMPANIES_WITH_PRODUCT"": ""White, Boehm and Hilpert, Clinical Associates, Investment Management""}, {""PRODUCT_ID"": ""PROD_004"", ""PRODUCT_NAME"": ""Webex Collaboration Platform"", ""PRODUCT_TYPE"": ""Platform"", ""POTENTIAL_ARR"": 323213.006, ""EXPECTED_ARR"": 232713.36432, ""PURCHASE_PROBABILITY"": 72.0, ""MAX_SIMILARITY_SCORE"": 72, ""ESTIMATED_LICENSES"": 62, ""PRICE_PER_LICENSE"": 5213.113, ""SIMILAR_COMPANIES_WITH_PRODUCT"": ""Clinical Associates, Investment Management""}, {""PRODUCT_ID"": ""PROD_008"", ""PRODUCT_NAME"": ""SecureX Threat Response"", ""PRODUCT_TYPE"": ""Add-on"", ""POTENTIAL_ARR"": 216178.3433333333, ""EXPECTED_ARR"": 157810.1906333333, ""PURCHASE_PROBABILITY"": 73.0, ""MAX_SIMILARITY_SCORE"": 73, ""ESTIMATED_LICENSES"": 43, ""PRICE_PER_LICENSE"": 5027.403333333333, ""SIMILAR_COMPANIES_WITH_PRODUCT"": ""Swaniawski Inc, Clinical Associates""}]",DNA Center Network Automation,787703
CUST_000012,Medical Group,536311,2,7,2605798,1974413,"Swaniawski Inc, Hansen LLC, Ondricka, Waters and Wilderman, Data Innovations, Medical Systems",74.6,"[{""PRODUCT_ID"": ""PROD_009"", ""PRODUCT_NAME"": ""DNA Center Network Automation"", ""PRODUCT_TYPE"": ""Platform"", ""POTENTIAL_ARR"": 875607.6100000001, ""EXPECTED_ARR"": 691730.0119000002, ""PURCHASE_PROBABILITY"": 79.0, ""MAX_SIMILARITY_SCORE"": 79, ""ESTIMATED_LICENSES"": 51, ""PRICE_PER_LICENSE"": 17168.77666666667, ""SIMILAR_COMPANIES_WITH_PRODUCT"": ""Swaniawski Inc""}, {""PRODUCT_ID"": ""PROD_005"", ""PRODUCT_NAME"": ""ThousandEyes Network Intelligence"", ""PRODUCT_TYPE"": ""Platform"", ""POTENTIAL_ARR"": 387652.91250000003, ""EXPECTED_ARR"": 282986.626125, ""PURCHASE_PROBABILITY"": 73.0, ""MAX_SIMILARITY_SCORE"": 73, ""ESTIMATED_LICENSES"": 51, ""PRICE_PER_LICENSE"": 7601.0375, ""SIMILAR_COMPANIES_WITH_PRODUCT"": ""Data Innovations, Medical Systems""}, {""PRODUCT_ID"": ""PROD_010"", ""PRODUCT_NAME"": ""Contact Center AI"", ""PRODUCT_TYPE"": ""Platform"", ""POTENTIAL_ARR"": 348990.95999999996, ""EXPECTED_ARR"": 258253.31039999996, ""PURCHASE_PROBABILITY"": 74.0, ""MAX_SIMILARITY_SCORE"": 74, ""ESTIMATED_LICENSES"": 51, ""PRICE_PER_LICENSE"": 6842.959999999999, ""SIMILAR_COMPANIES_WITH_PRODUCT"": ""Hansen LLC, Medical Systems""}, {""PRODUCT_ID"": ""PROD_001"", ""PRODUCT_NAME"": ""Meraki Security Suite"", ""PRODUCT_TYPE"": ""Platform"", ""POTENTIAL_ARR"": 293717.91000000003, ""EXPECTED_ARR"": 217351.25340000002, ""PURCHASE_PROBABILITY"": 74.0, ""MAX_SIMILARITY_SCORE"": 74, ""ESTIMATED_LICENSES"": 51, ""PRICE_PER_LICENSE"": 5759.174705882353, ""SIMILAR_COMPANIES_WITH_PRODUCT"": ""Ondricka, Waters and Wilderman, Data Innovations""}, {""PRODUCT_ID"": ""PROD_004"", ""PRODUCT_NAME"": ""Webex Collaboration Platform"", ""PRODUCT_TYPE"": ""Platform"", ""POTENTIAL_ARR"": 265868.76300000004, ""EXPECTED_ARR"": 196742.88462000003, ""PURCHASE_PROBABILITY"": 74.0, ""MAX_SIMILARITY_SCORE"": 74, ""ESTIMATED_LICENSES"": 51, ""PRICE_PER_LICENSE"": 5213.113, ""SIMILAR_COMPANIES_WITH_PRODUCT"": ""Hansen LLC""}, {""PRODUCT_ID"": ""PROD_003"", ""PRODUCT_NAME"": ""Umbrella Cloud Security"", ""PRODUCT_TYPE"": ""Platform"", ""POTENTIAL_ARR"": 258001.21090909088, ""EXPECTED_ARR"": 188340.88396363633, ""PURCHASE_PROBABILITY"": 73.0, ""MAX_SIMILARITY_SCORE"": 73, ""ESTIMATED_LICENSES"": 51, ""PRICE_PER_LICENSE"": 5058.847272727272, ""SIMILAR_COMPANIES_WITH_PRODUCT"": ""Medical Systems""}, {""PRODUCT_ID"": ""PROD_008"", ""PRODUCT_NAME"": ""SecureX Threat Response"", ""PRODUCT_TYPE"": ""Add-on"", ""POTENTIAL_ARR"": 175959.11666666664, ""EXPECTED_ARR"": 139007.70216666666, ""PURCHASE_PROBABILITY"": 79.0, ""MAX_SIMILARITY_SCORE"": 79, ""ESTIMATED_LICENSES"": 35, ""PRICE_PER_LICENSE"": 5027.403333333333, ""SIMILAR_COMPANIES_WITH_PRODUCT"": ""Swaniawski Inc""}]",DNA Center Network Automation,691730
CUST_000011,Cyber Systems,1209071,2,5,2421938,1905144,"Data Innovations, Ondricka, Waters and Wilderman, Investment Management, Swaniawski Inc, InnovateTech Solutions",78.6,"[{""PRODUCT_ID"": ""PROD_009"", ""PRODUCT_NAME"": ""DNA Center Network Automation"", ""PRODUCT_TYPE"": ""Platform"", ""POTENTIAL_ARR"": 961451.4933333334, ""EXPECTED_ARR"": 740317.6498666668, ""PURCHASE_PROBABILITY"": 77.0, ""MAX_SIMILARITY_SCORE"": 77, ""ESTIMATED_LICENSES"": 56, ""PRICE_PER_LICENSE"": 17168.77666666667, ""SIMILAR_COMPANIES_WITH_PRODUCT"": ""Swaniawski Inc, InnovateTech Solutions""}, {""PRODUCT_ID"": ""PROD_007"", ""PRODUCT_NAME"": ""Catalyst Network Infrastructure"", ""PRODUCT_TYPE"": ""Platform"", ""POTENTIAL_ARR"": 516246.3105882352, ""EXPECTED_ARR"": 407834.5853647058, ""PURCHASE_PROBABILITY"": 79.0, ""MAX_SIMILARITY_SCORE"": 79, ""ESTIMATED_LICENSES"": 56, ""PRICE_PER_LICENSE"": 9218.684117647057, ""SIMILAR_COMPANIES_WITH_PRODUCT"": ""Ondricka, Waters and Wilderman, InnovateTech Solutions""}, {""PRODUCT_ID"": ""PROD_005"", ""PRODUCT_NAME"": ""ThousandEyes Network Intelligence"", ""PRODUCT_TYPE"": ""Platform"", ""POTENTIAL_ARR"": 425658.10000000003, ""EXPECTED_ARR"": 344783.06100000005, ""PURCHASE_PROBABILITY"": 81.0, ""MAX_SIMILARITY_SCORE"": 81, ""ESTIMATED_LICENSES"": 56, ""PRICE_PER_LICENSE"": 7601.0375, ""SIMILAR_COMPANIES_WITH_PRODUCT"": ""Data Innovations, Investment Management, InnovateTech Solutions""}, {""PRODUCT_ID"": ""PROD_001"", ""PRODUCT_NAME"": ""Meraki Security Suite"", ""PRODUCT_TYPE"": ""Platform"", ""POTENTIAL_ARR"": 322513.78352941177, ""EXPECTED_ARR"": 261236.16465882355, ""PURCHASE_PROBABILITY"": 81.0, ""MAX_SIMILARITY_SCORE"": 81, ""ESTIMATED_LICENSES"": 56, ""PRICE_PER_LICENSE"": 5759.174705882353, ""SIMILAR_COMPANIES_WITH_PRODUCT"": ""Data Innovations, Ondricka, Waters and Wilderman""}, {""PRODUCT_ID"": ""PROD_008"", ""PRODUCT_NAME"": ""SecureX Threat Response"", ""PRODUCT_TYPE"": ""Add-on"", ""POTENTIAL_ARR"": 196068.72999999998, ""EXPECTED_ARR"": 150972.9221, ""PURCHASE_PROBABILITY"": 77.0, ""MAX_SIMILARITY_SCORE"": 77, ""ESTIMATED_LICENSES"": 39, ""PRICE_PER_LICENSE"": 5027.403333333333, ""SIMILAR_COMPANIES_WITH_PRODUCT"": ""Swaniawski Inc""}]",DNA Center Network Automation,740318
CUST_000002,MedSecure Systems,3627162,3,3,2130302,1461151,"Global Capital Management, InnovateTech Solutions, Medical Group, Swaniawski Inc, Smith, Ratke and Ankunding",70.2,"[{""PRODUCT_ID"": ""PROD_006"", ""PRODUCT_NAME"": ""AppDynamics APM"", ""PRODUCT_TYPE"": ""Platform"", ""POTENTIAL_ARR"": 944962.9127272727, ""EXPECTED_ARR"": 642574.7806545455, ""PURCHASE_PROBABILITY"": 68.0, ""MAX_SIMILARITY_SCORE"": 68, ""ESTIMATED_LICENSES"": 107, ""PRICE_PER_LICENSE"": 8831.42909090909, ""SIMILAR_COMPANIES_WITH_PRODUCT"": ""Medical Group, Smith, Ratke and Ankunding""}, {""PRODUCT_ID"": ""PROD_005"", ""PRODUCT_NAME"": ""ThousandEyes Network Intelligence"", ""PRODUCT_TYPE"": ""Platform"", ""POTENTIAL_ARR"": 813311.0125000001, ""EXPECTED_ARR"": 569317.70875, ""PURCHASE_PROBABILITY"": 70.0, ""MAX_SIMILARITY_SCORE"": 70, ""ESTIMATED_LICENSES"": 107, ""PRICE_PER_LICENSE"": 7601.0375, ""SIMILAR_COMPANIES_WITH_PRODUCT"": ""InnovateTech Solutions""}, {""PRODUCT_ID"": ""PROD_008"", ""PRODUCT_NAME"": ""SecureX Threat Response"", ""PRODUCT_TYPE"": ""Add-on"", ""POTENTIAL_ARR"": 372027.8466666666, ""EXPECTED_ARR"": 249258.65726666665, ""PURCHASE_PROBABILITY"": 67.0, ""MAX_SIMILARITY_SCORE"": 67, ""ESTIMATED_LICENSES"": 74, ""PRICE_PER_LICENSE"": 5027.403333333333, ""SIMILAR_COMPANIES_WITH_PRODUCT"": ""Swaniawski Inc""}]",AppDynamics APM,642575
CUST_000035,Bruen - Adams,152780,2,6,1807989,1500573,"Schultz - Collins, Bode - Mayer, Mitchell, Batz and Pouros, Pagac - Muller, Credit Group",82.8,"[{""PRODUCT_ID"": ""PROD_007"", ""PRODUCT_NAME"": ""Catalyst Network Infrastructure"", ""PRODUCT_TYPE"": ""Platform"", ""POTENTIAL_ARR"": 414840.7852941176, ""EXPECTED_ARR"": 344317.8517941176, ""PURCHASE_PROBABILITY"": 83.0, ""MAX_SIMILARITY_SCORE"": 83, ""ESTIMATED_LICENSES"": 45, ""PRICE_PER_LICENSE"": 9218.684117647057, ""SIMILAR_COMPANIES_WITH_PRODUCT"": ""Mitchell, Batz and Pouros, Credit Group""}, {""PRODUCT_ID"": ""PROD_006"", ""PRODUCT_NAME"": ""AppDynamics APM"", ""PRODUCT_TYPE"": ""Platform"", ""POTENTIAL_ARR"": 397414.3090909091, ""EXPECTED_ARR"": 302034.8749090909, ""PURCHASE_PROBABILITY"": 76.0, ""MAX_SIMILARITY_SCORE"": 76, ""ESTIMATED_LICENSES"": 45, ""PRICE_PER_LICENSE"": 8831.42909090909, ""SIMILAR_COMPANIES_WITH_PRODUCT"": ""Credit Group""}, {""PRODUCT_ID"": ""PROD_005"", ""PRODUCT_NAME"": ""ThousandEyes Network Intelligence"", ""PRODUCT_TYPE"": ""Platform"", ""POTENTIAL_ARR"": 342046.6875, ""EXPECTED_ARR"": 287319.21749999997, ""PURCHASE_PROBABILITY"": 84.0, ""MAX_SIMILARITY_SCORE"": 84, ""ESTIMATED_LICENSES"": 45, ""PRICE_PER_LICENSE"": 7601.0375, ""SIMILAR_COMPANIES_WITH_PRODUCT"": ""Bode - Mayer, Pagac - Muller""}, {""PRODUCT_ID"": ""PROD_001"", ""PRODUCT_NAME"": ""Meraki Security Suite"", ""PRODUCT_TYPE"": ""Platform"", ""POTENTIAL_ARR"": 259162.86176470589, ""EXPECTED_ARR"": 228063.3183529412, ""PURCHASE_PROBABILITY"": 88.0, ""MAX_SIMILARITY_SCORE"": 88, ""ESTIMATED_LICENSES"": 45, ""PRICE_PER_LICENSE"": 5759.174705882353, ""SIMILAR_COMPANIES_WITH_PRODUCT"": ""Schultz - Collins, Bode - Mayer""}, {""PRODUCT_ID"": ""PROD_003"", ""PRODUCT_NAME"": ""Umbrella Cloud Security"", ""PRODUCT_TYPE"": ""Platform"", ""POTENTIAL_ARR"": 227648.12727272723, ""EXPECTED_ARR"": 200330.35199999996, ""PURCHASE_PROBABILITY"": 88.0, ""MAX_SIMILARITY_SCORE"": 88, ""ESTIMATED_LICENSES"": 45, ""PRICE_PER_LICENSE"": 5058.847272727272, ""SIMILAR_COMPANIES_WITH_PRODUCT"": ""Schultz - Collins""}, {""PRODUCT_ID"": ""PROD_002"", ""PRODUCT_NAME"": ""Duo Multi-Factor Authentication"", ""PRODUCT_TYPE"": ""Add-on"", ""POTENTIAL_ARR"": 166876.43214285714, ""EXPECTED_ARR"": 138507.43867857143, ""PURCHASE_PROBABILITY"": 83.0, ""MAX_SIMILARITY_SCORE"": 83, ""ESTIMATED_LICENSES"": 31, ""PRICE_PER_LICENSE"": 5383.1107142857145, ""SIMILAR_COMPANIES_WITH_PRODUCT"": ""Mitchell, Batz and Pouros""}]",Catalyst Network Infrastructure,344318
CUST_000030,Bashirian Inc,88638,2,5,1797904,1466558,"Hansen LLC, Gutmann, King and Gorczany, Smith, Ratke and Ankunding, Investment Management, Corwin LLC",81.0,"[{""PRODUCT_ID"": ""PROD_007"", ""PRODUCT_NAME"": ""Catalyst Network Infrastructure"", ""PRODUCT_TYPE"": ""Platform"", ""POTENTIAL_ARR"": 433278.1535294117, ""EXPECTED_ARR"": 355288.0858941176, ""PURCHASE_PROBABILITY"": 82.0, ""MAX_SIMILARITY_SCORE"": 82, ""ESTIMATED_LICENSES"": 47, ""PRICE_PER_LICENSE"": 9218.684117647057, ""SIMILAR_COMPANIES_WITH_PRODUCT"": ""Gutmann, King and Gorczany, Smith, Ratke and Ankunding""}, {""PRODUCT_ID"": ""PROD_006"", ""PRODUCT_NAME"": ""AppDynamics APM"", ""PRODUCT_TYPE"": ""Platform"", ""POTENTIAL_ARR"": 415077.16727272724, ""EXPECTED_ARR"": 336212.5054909091, ""PURCHASE_PROBABILITY"": 81.0, ""MAX_SIMILARITY_SCORE"": 81, ""ESTIMATED_LICENSES"": 47, ""PRICE_PER_LICENSE"": 8831.42909090909, ""SIMILAR_COMPANIES_WITH_PRODUCT"": ""Smith, Ratke and Ankunding""}, {""PRODUCT_ID"": ""PROD_005"", ""PRODUCT_NAME"": ""ThousandEyes Network Intelligence"", ""PRODUCT_TYPE"": ""Platform"", ""POTENTIAL_ARR"": 357248.7625, ""EXPECTED_ARR"": 289371.497625, ""PURCHASE_PROBABILITY"": 81.0, ""MAX_SIMILARITY_SCORE"": 81, ""ESTIMATED_LICENSES"": 47, ""PRICE_PER_LICENSE"": 7601.0375, ""SIMILAR_COMPANIES_WITH_PRODUCT"": ""Investment Management""}, {""PRODUCT_ID"": ""PROD_010"", ""PRODUCT_NAME"": ""Contact Center AI"", ""PRODUCT_TYPE"": ""Platform"", ""POTENTIAL_ARR"": 321619.11999999994, ""EXPECTED_ARR"": 263727.6783999999, ""PURCHASE_PROBABILITY"": 82.0, ""MAX_SIMILARITY_SCORE"": 82, ""ESTIMATED_LICENSES"": 47, ""PRICE_PER_LICENSE"": 6842.959999999999, ""SIMILAR_COMPANIES_WITH_PRODUCT"": ""Hansen LLC""}, {""PRODUCT_ID"": ""PROD_001"", ""PRODUCT_NAME"": ""Meraki Security Suite"", ""PRODUCT_TYPE"": ""Platform"", ""POTENTIAL_ARR"": 270681.2111764706, ""EXPECTED_ARR"": 221958.5931647059, ""PURCHASE_PROBABILITY"": 82.0, ""MAX_SIMILARITY_SCORE"": 82, ""ESTIMATED_LICENSES"": 47, ""PRICE_PER_LICENSE"": 5759.174705882353, ""SIMILAR_COMPANIES_WITH_PRODUCT"": ""Gutmann, King and Gorczany, Corwin LLC""}]",Catalyst Network Infrastructure,355288
CUST_000034,Cloud Solutions,395737,3,6,1759867,1404267,"Medical Systems, Wealth Group, Advanced Manufacturing Co, InnovateTech Solutions, Capital Management",79.0,"[{""PRODUCT_ID"": ""PROD_009"", ""PRODUCT_NAME"": ""DNA Center Network Automation"", ""PRODUCT_TYPE"": ""Platform"", ""POTENTIAL_ARR"": 600907.1833333333, ""EXPECTED_ARR"": 456689.45933333336, ""PURCHASE_PROBABILITY"": 76.0, ""MAX_SIMILARITY_SCORE"": 76, ""ESTIMATED_LICENSES"": 35, ""PRICE_PER_LICENSE"": 17168.77666666667, ""SIMILAR_COMPANIES_WITH_PRODUCT"": ""InnovateTech Solutions""}, {""PRODUCT_ID"": ""PROD_007"", ""PRODUCT_NAME"": ""Catalyst Network Infrastructure"", ""PRODUCT_TYPE"": ""Platform"", ""POTENTIAL_ARR"": 322653.944117647, ""EXPECTED_ARR"": 258123.15529411763, ""PURCHASE_PROBABILITY"": 80.0, ""MAX_SIMILARITY_SCORE"": 80, ""ESTIMATED_LICENSES"": 35, ""PRICE_PER_LICENSE"": 9218.684117647057, ""SIMILAR_COMPANIES_WITH_PRODUCT"": ""Wealth Group, Advanced Manufacturing Co, InnovateTech Solutions""}, {""PRODUCT_ID"": ""PROD_005"", ""PRODUCT_NAME"": ""ThousandEyes Network Intelligence"", ""PRODUCT_TYPE"": ""Platform"", ""POTENTIAL_ARR"": 266036.3125, ""EXPECTED_ARR"": 228791.22875, ""PURCHASE_PROBABILITY"": 86.0, ""MAX_SIMILARITY_SCORE"": 86, ""ESTIMATED_LICENSES"": 35, ""PRICE_PER_LICENSE"": 7601.0375, ""SIMILAR_COMPANIES_WITH_PRODUCT"": ""Medical Systems, Advanced Manufacturing Co, InnovateTech Solutions""}, {""PRODUCT_ID"": ""PROD_010"", ""PRODUCT_NAME"": ""Contact Center AI"", ""PRODUCT_TYPE"": ""Platform"", ""POTENTIAL_ARR"": 239503.59999999998, ""EXPECTED_ARR"": 205973.096, ""PURCHASE_PROBABILITY"": 86.0, ""MAX_SIMILARITY_SCORE"": 86, ""ESTIMATED_LICENSES"": 35, ""PRICE_PER_LICENSE"": 6842.959999999999, ""SIMILAR_COMPANIES_WITH_PRODUCT"": ""Medical Systems, Advanced Manufacturing Co""}, {""PRODUCT_ID"": ""PROD_001"", ""PRODUCT_NAME"": ""Meraki Security Suite"", ""PRODUCT_TYPE"": ""Platform"", ""POTENTIAL_ARR"": 201571.11470588236, ""EXPECTED_ARR"": 155209.75832352942, ""PURCHASE_PROBABILITY"": 77.0, ""MAX_SIMILARITY_SCORE"": 77, ""ESTIMATED_LICENSES"": 35, ""PRICE_PER_LICENSE"": 5759.174705882353, ""SIMILAR_COMPANIES_WITH_PRODUCT"": ""Advanced Manufacturing Co, Capital Management""}, {""PRODUCT_ID"": ""PROD_002"", ""PRODUCT_NAME"": ""Duo Multi-Factor Authentication"", ""PRODUCT_TYPE"": ""Add-on"", ""POTENTIAL_ARR"": 129194.65714285715, ""EXPECTED_ARR"": 99479.88600000001, ""PURCHASE_PROBABILITY"": 77.0, ""MAX_SIMILARITY_SCORE"": 77, ""ESTIMATED_LICENSES"": 24, ""PRICE_PER_LICENSE"": 5383.1107142857145, ""SIMILAR_COMPANIES_WITH_PRODUCT"": ""Advanced Manufacturing Co""}]",DNA Center Network Automation,456689
CUST_000003,Global Quality Industries,3222435,5,5,1739224,1284445,"Global Premier Works, Global Medical Network, Data Solutions, Quality Corporation, Smith LLC",71.2,"[{""PRODUCT_ID"": ""PROD_007"", ""PRODUCT_NAME"": ""Catalyst Network Infrastructure"", ""PRODUCT_TYPE"": ""Platform"", ""POTENTIAL_ARR"": 470152.8899999999, ""EXPECTED_ARR"": 371420.78309999994, ""PURCHASE_PROBABILITY"": 79.0, ""MAX_SIMILARITY_SCORE"": 79, ""ESTIMATED_LICENSES"": 51, ""PRICE_PER_LICENSE"": 9218.684117647057, ""SIMILAR_COMPANIES_WITH_PRODUCT"": ""Global Premier Works, Global Medical Network, Data Solutions""}, {""PRODUCT_ID"": ""PROD_006"", ""PRODUCT_NAME"": ""AppDynamics APM"", ""PRODUCT_TYPE"": ""Platform"", ""POTENTIAL_ARR"": 450402.8836363636, ""EXPECTED_ARR"": 315282.0185454545, ""PURCHASE_PROBABILITY"": 70.0, ""MAX_SIMILARITY_SCORE"": 70, ""ESTIMATED_LICENSES"": 51, ""PRICE_PER_LICENSE"": 8831.42909090909, ""SIMILAR_COMPANIES_WITH_PRODUCT"": ""Global Medical Network, Quality Corporation""}, {""PRODUCT_ID"": ""PROD_010"", ""PRODUCT_NAME"": ""Contact Center AI"", ""PRODUCT_TYPE"": ""Platform"", ""POTENTIAL_ARR"": 348990.95999999996, ""EXPECTED_ARR"": 244293.67199999996, ""PURCHASE_PROBABILITY"": 70.0, ""MAX_SIMILARITY_SCORE"": 70, ""ESTIMATED_LICENSES"": 51, ""PRICE_PER_LICENSE"": 6842.959999999999, ""SIMILAR_COMPANIES_WITH_PRODUCT"": ""Global Medical Network""}, {""PRODUCT_ID"": ""PROD_001"", ""PRODUCT_NAME"": ""Meraki Security Suite"", ""PRODUCT_TYPE"": ""Platform"", ""POTENTIAL_ARR"": 293717.91000000003, ""EXPECTED_ARR"": 232037.14890000003, ""PURCHASE_PROBABILITY"": 79.0, ""MAX_SIMILARITY_SCORE"": 79, ""ESTIMATED_LICENSES"": 51, ""PRICE_PER_LICENSE"": 5759.174705882353, ""SIMILAR_COMPANIES_WITH_PRODUCT"": ""Global Premier Works, Global Medical Network, Data Solutions""}, {""PRODUCT_ID"": ""PROD_008"", ""PRODUCT_NAME"": ""SecureX Threat Response"", ""PRODUCT_TYPE"": ""Add-on"", ""POTENTIAL_ARR"": 175959.11666666664, ""EXPECTED_ARR"": 121411.79049999997, ""PURCHASE_PROBABILITY"": 69.0, ""MAX_SIMILARITY_SCORE"": 69, ""ESTIMATED_LICENSES"": 35, ""PRICE_PER_LICENSE"": 5027.403333333333, ""SIMILAR_COMPANIES_WITH_PRODUCT"": ""Quality Corporation""}]",Catalyst Network Infrastructure,371421
CUST_000003,Global Financial Partners,804011,5,5,1739224,1387336,"Capital Management, Quality Corporation, Advanced Manufacturing Co, Wealth Group, Trust Holdings",77.8,"[{""PRODUCT_ID"": ""PROD_007"", ""PRODUCT_NAME"": ""Catalyst Network Infrastructure"", ""PRODUCT_TYPE"": ""Platform"", ""POTENTIAL_ARR"": 470152.8899999999, ""EXPECTED_ARR"": 376122.3119999999, ""PURCHASE_PROBABILITY"": 80.0, ""MAX_SIMILARITY_SCORE"": 80, ""ESTIMATED_LICENSES"": 51, ""PRICE_PER_LICENSE"": 9218.684117647057, ""SIMILAR_COMPANIES_WITH_PRODUCT"": ""Quality Corporation, Advanced Manufacturing Co, Wealth Group""}, {""PRODUCT_ID"": ""PROD_006"", ""PRODUCT_NAME"": ""AppDynamics APM"", ""PRODUCT_TYPE"": ""Platform"", ""POTENTIAL_ARR"": 450402.8836363636, ""EXPECTED_ARR"": 360322.3069090909, ""PURCHASE_PROBABILITY"": 80.0, ""MAX_SIMILARITY_SCORE"": 80, ""ESTIMATED_LICENSES"": 51, ""PRICE_PER_LICENSE"": 8831.42909090909, ""SIMILAR_COMPANIES_WITH_PRODUCT"": ""Quality Corporation, Advanced Manufacturing Co, Wealth Group""}, {""PRODUCT_ID"": ""PROD_010"", ""PRODUCT_NAME"": ""Contact Center AI"", ""PRODUCT_TYPE"": ""Platform"", ""POTENTIAL_ARR"": 348990.95999999996, ""EXPECTED_ARR"": 272212.94879999995, ""PURCHASE_PROBABILITY"": 78.0, ""MAX_SIMILARITY_SCORE"": 78, ""ESTIMATED_LICENSES"": 51, ""PRICE_PER_LICENSE"": 6842.959999999999, ""SIMILAR_COMPANIES_WITH_PRODUCT"": ""Advanced Manufacturing Co, Trust Holdings""}, {""PRODUCT_ID"": ""PROD_001"", ""PRODUCT_NAME"": ""Meraki Security Suite"", ""PRODUCT_TYPE"": ""Platform"", ""POTENTIAL_ARR"": 293717.91000000003, ""EXPECTED_ARR"": 237911.50710000005, ""PURCHASE_PROBABILITY"": 81.0, ""MAX_SIMILARITY_SCORE"": 81, ""ESTIMATED_LICENSES"": 51, ""PRICE_PER_LICENSE"": 5759.174705882353, ""SIMILAR_COMPANIES_WITH_PRODUCT"": ""Capital Management, Advanced Manufacturing Co, Trust Holdings""}, {""PRODUCT_ID"": ""PROD_008"", ""PRODUCT_NAME"": ""SecureX Threat Response"", ""PRODUCT_TYPE"": ""Add-on"", ""POTENTIAL_ARR"": 175959.11666666664, ""EXPECTED_ARR"": 140767.2933333333, ""PURCHASE_PROBABILITY"": 80.0, ""MAX_SIMILARITY_SCORE"": 80, ""ESTIMATED_LICENSES"": 35, ""PRICE_PER_LICENSE"": 5027.403333333333, ""SIMILAR_COMPANIES_WITH_PRODUCT"": ""Quality Corporation""}]",Catalyst Network Infrastructure,376122
CUST_000024,Schultz - Collins,464096,2,6,1696723,1433652,"Bruen - Adams, Pagac - Muller, Mitchell, Batz and Pouros, Wealth Capital, Credit Group",83.6,"[{""PRODUCT_ID"": ""PROD_007"", ""PRODUCT_NAME"": ""Catalyst Network Infrastructure"", ""PRODUCT_TYPE"": ""Platform"", ""POTENTIAL_ARR"": 377966.04882352933, ""EXPECTED_ARR"": 317491.4810117646, ""PURCHASE_PROBABILITY"": 84.0, ""MAX_SIMILARITY_SCORE"": 84, ""ESTIMATED_LICENSES"": 41, ""PRICE_PER_LICENSE"": 9218.684117647057, ""SIMILAR_COMPANIES_WITH_PRODUCT"": ""Mitchell, Batz and Pouros, Credit Group""}, {""PRODUCT_ID"": ""PROD_006"", ""PRODUCT_NAME"": ""AppDynamics APM"", ""PRODUCT_TYPE"": ""Platform"", ""POTENTIAL_ARR"": 362088.5927272727, ""EXPECTED_ARR"": 289670.87418181816, ""PURCHASE_PROBABILITY"": 80.0, ""MAX_SIMILARITY_SCORE"": 80, ""ESTIMATED_LICENSES"": 41, ""PRICE_PER_LICENSE"": 8831.42909090909, ""SIMILAR_COMPANIES_WITH_PRODUCT"": ""Credit Group""}, {""PRODUCT_ID"": ""PROD_005"", ""PRODUCT_NAME"": ""ThousandEyes Network Intelligence"", ""PRODUCT_TYPE"": ""Platform"", ""POTENTIAL_ARR"": 311642.53750000003, ""EXPECTED_ARR"": 264896.15687500004, ""PURCHASE_PROBABILITY"": 85.0, ""MAX_SIMILARITY_SCORE"": 85, ""ESTIMATED_LICENSES"": 41, ""PRICE_PER_LICENSE"": 7601.0375, ""SIMILAR_COMPANIES_WITH_PRODUCT"": ""Pagac - Muller""}, {""PRODUCT_ID"": ""PROD_010"", ""PRODUCT_NAME"": ""Contact Center AI"", ""PRODUCT_TYPE"": ""Platform"", ""POTENTIAL_ARR"": 280561.36, ""EXPECTED_ARR"": 246893.9968, ""PURCHASE_PROBABILITY"": 88.0, ""MAX_SIMILARITY_SCORE"": 88, ""ESTIMATED_LICENSES"": 41, ""PRICE_PER_LICENSE"": 6842.959999999999, ""SIMILAR_COMPANIES_WITH_PRODUCT"": ""Bruen - Adams""}, {""PRODUCT_ID"": ""PROD_004"", ""PRODUCT_NAME"": ""Webex Collaboration Platform"", ""PRODUCT_TYPE"": ""Platform"", ""POTENTIAL_ARR"": 213737.633, ""EXPECTED_ARR"": 188089.11704, ""PURCHASE_PROBABILITY"": 88.0, ""MAX_SIMILARITY_SCORE"": 88, ""ESTIMATED_LICENSES"": 41, ""PRICE_PER_LICENSE"": 5213.113, ""SIMILAR_COMPANIES_WITH_PRODUCT"": ""Bruen - Adams, Pagac - Muller, Wealth Capital""}, {""PRODUCT_ID"": ""PROD_002"", ""PRODUCT_NAME"": ""Duo Multi-Factor Authentication"", ""PRODUCT_TYPE"": ""Add-on"", ""POTENTIAL_ARR"": 150727.1, ""EXPECTED_ARR"": 126610.764, ""PURCHASE_PROBABILITY"": 84.0, ""MAX_SIMILARITY_SCORE"": 84, ""ESTIMATED_LICENSES"": 28, ""PRICE_PER_LICENSE"": 5383.1107142857145, ""SIMILAR_COMPANIES_WITH_PRODUCT"": ""Mitchell, Batz and Pouros""}]",Catalyst Network Infrastructure,317491
CUST_000039,Mohr and Sons,396896,2,5,1641113,1365629,"Collier, Bayer and Ward, Data Innovations, Schultz - Collins, Wealth Capital, Smith, Ratke and Ankunding",80.4,"[{""PRODUCT_ID"": ""PROD_007"", ""PRODUCT_NAME"": ""Catalyst Network Infrastructure"", ""PRODUCT_TYPE"": ""Platform"", ""POTENTIAL_ARR"": 414840.7852941176, ""EXPECTED_ARR"": 377505.114617647, ""PURCHASE_PROBABILITY"": 91.0, ""MAX_SIMILARITY_SCORE"": 91, ""ESTIMATED_LICENSES"": 45, ""PRICE_PER_LICENSE"": 9218.684117647057, ""SIMILAR_COMPANIES_WITH_PRODUCT"": ""Collier, Bayer and Ward, Smith, Ratke and Ankunding""}, {""PRODUCT_ID"": ""PROD_006"", ""PRODUCT_NAME"": ""AppDynamics APM"", ""PRODUCT_TYPE"": ""Platform"", ""POTENTIAL_ARR"": 397414.3090909091, ""EXPECTED_ARR"": 306009.018, ""PURCHASE_PROBABILITY"": 77.0, ""MAX_SIMILARITY_SCORE"": 77, ""ESTIMATED_LICENSES"": 45, ""PRICE_PER_LICENSE"": 8831.42909090909, ""SIMILAR_COMPANIES_WITH_PRODUCT"": ""Smith, Ratke and Ankunding""}, {""PRODUCT_ID"": ""PROD_005"", ""PRODUCT_NAME"": ""ThousandEyes Network Intelligence"", ""PRODUCT_TYPE"": ""Platform"", ""POTENTIAL_ARR"": 342046.6875, ""EXPECTED_ARR"": 270216.883125, ""PURCHASE_PROBABILITY"": 79.0, ""MAX_SIMILARITY_SCORE"": 79, ""ESTIMATED_LICENSES"": 45, ""PRICE_PER_LICENSE"": 7601.0375, ""SIMILAR_COMPANIES_WITH_PRODUCT"": ""Data Innovations""}, {""PRODUCT_ID"": ""PROD_003"", ""PRODUCT_NAME"": ""Umbrella Cloud Security"", ""PRODUCT_TYPE"": ""Platform"", ""POTENTIAL_ARR"": 227648.12727272723, ""EXPECTED_ARR"": 207159.7958181818, ""PURCHASE_PROBABILITY"": 91.0, ""MAX_SIMILARITY_SCORE"": 91, ""ESTIMATED_LICENSES"": 45, ""PRICE_PER_LICENSE"": 5058.847272727272, ""SIMILAR_COMPANIES_WITH_PRODUCT"": ""Collier, Bayer and Ward, Schultz - Collins, Wealth Capital""}, {""PRODUCT_ID"": ""PROD_001"", ""PRODUCT_NAME"": ""Meraki Security Suite"", ""PRODUCT_TYPE"": ""Platform"", ""POTENTIAL_ARR"": 259162.86176470589, ""EXPECTED_ARR"": 204738.66079411766, ""PURCHASE_PROBABILITY"": 79.0, ""MAX_SIMILARITY_SCORE"": 79, ""ESTIMATED_LICENSES"": 45, ""PRICE_PER_LICENSE"": 5759.174705882353, ""SIMILAR_COMPANIES_WITH_PRODUCT"": ""Data Innovations, Schultz - Collins""}]",Catalyst Network Infrastructure,377505
CUST_000019,Pagac - Muller,131258,2,6,1579171,1316352,"Schultz - Collins, Smith, Ratke and Ankunding, Bruen - Adams, Mitchell, Batz and Pouros, Stokes and Sons",82.6,"[{""PRODUCT_ID"": ""PROD_007"", ""PRODUCT_NAME"": ""Catalyst Network Infrastructure"", ""PRODUCT_TYPE"": ""Platform"", ""POTENTIAL_ARR"": 368747.36470588227, ""EXPECTED_ARR"": 306060.31270588224, ""PURCHASE_PROBABILITY"": 83.0, ""MAX_SIMILARITY_SCORE"": 83, ""ESTIMATED_LICENSES"": 40, ""PRICE_PER_LICENSE"": 9218.684117647057, ""SIMILAR_COMPANIES_WITH_PRODUCT"": ""Smith, Ratke and Ankunding, Mitchell, Batz and Pouros""}, {""PRODUCT_ID"": ""PROD_006"", ""PRODUCT_NAME"": ""AppDynamics APM"", ""PRODUCT_TYPE"": ""Platform"", ""POTENTIAL_ARR"": 353257.16363636364, ""EXPECTED_ARR"": 293203.4458181818, ""PURCHASE_PROBABILITY"": 83.0, ""MAX_SIMILARITY_SCORE"": 83, ""ESTIMATED_LICENSES"": 40, ""PRICE_PER_LICENSE"": 8831.42909090909, ""SIMILAR_COMPANIES_WITH_PRODUCT"": ""Smith, Ratke and Ankunding, Stokes and Sons""}, {""PRODUCT_ID"": ""PROD_010"", ""PRODUCT_NAME"": ""Contact Center AI"", ""PRODUCT_TYPE"": ""Platform"", ""POTENTIAL_ARR"": 273718.39999999997, ""EXPECTED_ARR"": 227186.27199999997, ""PURCHASE_PROBABILITY"": 83.0, ""MAX_SIMILARITY_SCORE"": 83, ""ESTIMATED_LICENSES"": 40, ""PRICE_PER_LICENSE"": 6842.959999999999, ""SIMILAR_COMPANIES_WITH_PRODUCT"": ""Bruen - Adams, Stokes and Sons""}, {""PRODUCT_ID"": ""PROD_001"", ""PRODUCT_NAME"": ""Meraki Security Suite"", ""PRODUCT_TYPE"": ""Platform"", ""POTENTIAL_ARR"": 230366.98823529412, ""EXPECTED_ARR"": 195811.94, ""PURCHASE_PROBABILITY"": 85.0, ""MAX_SIMILARITY_SCORE"": 85, ""ESTIMATED_LICENSES"": 40, ""PRICE_PER_LICENSE"": 5759.174705882353, ""SIMILAR_COMPANIES_WITH_PRODUCT"": ""Schultz - Collins""}, {""PRODUCT_ID"": ""PROD_003"", ""PRODUCT_NAME"": ""Umbrella Cloud Security"", ""PRODUCT_TYPE"": ""Platform"", ""POTENTIAL_ARR"": 202353.89090909087, ""EXPECTED_ARR"": 172000.80727272722, ""PURCHASE_PROBABILITY"": 85.0, ""MAX_SIMILARITY_SCORE"": 85, ""ESTIMATED_LICENSES"": 40, ""PRICE_PER_LICENSE"": 5058.847272727272, ""SIMILAR_COMPANIES_WITH_PRODUCT"": ""Schultz - Collins""}, {""PRODUCT_ID"": ""PROD_002"", ""PRODUCT_NAME"": ""Duo Multi-Factor Authentication"", ""PRODUCT_TYPE"": ""Add-on"", ""POTENTIAL_ARR"": 150727.1, ""EXPECTED_ARR"": 122088.95100000002, ""PURCHASE_PROBABILITY"": 81.0, ""MAX_SIMILARITY_SCORE"": 81, ""ESTIMATED_LICENSES"": 28, ""PRICE_PER_LICENSE"": 5383.1107142857145, ""SIMILAR_COMPANIES_WITH_PRODUCT"": ""Mitchell, Batz and Pouros, Stokes and Sons""}]",Catalyst Network Infrastructure,306060
CUST_000033,Hansen LLC,82833,2,5,1570296,1302509,"Gutmann, King and Gorczany, Bashirian Inc, Cronin and Sons, Credit Advisors, Data Innovations",81.8,"[{""PRODUCT_ID"": ""PROD_007"", ""PRODUCT_NAME"": ""Catalyst Network Infrastructure"", ""PRODUCT_TYPE"": ""Platform"", ""POTENTIAL_ARR"": 460934.20588235284, ""EXPECTED_ARR"": 391794.0749999999, ""PURCHASE_PROBABILITY"": 85.0, ""MAX_SIMILARITY_SCORE"": 85, ""ESTIMATED_LICENSES"": 50, ""PRICE_PER_LICENSE"": 9218.684117647057, ""SIMILAR_COMPANIES_WITH_PRODUCT"": ""Gutmann, King and Gorczany""}, {""PRODUCT_ID"": ""PROD_005"", ""PRODUCT_NAME"": ""ThousandEyes Network Intelligence"", ""PRODUCT_TYPE"": ""Platform"", ""POTENTIAL_ARR"": 380051.875, ""EXPECTED_ARR"": 304041.5, ""PURCHASE_PROBABILITY"": 80.0, ""MAX_SIMILARITY_SCORE"": 80, ""ESTIMATED_LICENSES"": 50, ""PRICE_PER_LICENSE"": 7601.0375, ""SIMILAR_COMPANIES_WITH_PRODUCT"": ""Data Innovations""}, {""PRODUCT_ID"": ""PROD_001"", ""PRODUCT_NAME"": ""Meraki Security Suite"", ""PRODUCT_TYPE"": ""Platform"", ""POTENTIAL_ARR"": 287958.73529411765, ""EXPECTED_ARR"": 244764.925, ""PURCHASE_PROBABILITY"": 85.0, ""MAX_SIMILARITY_SCORE"": 85, ""ESTIMATED_LICENSES"": 50, ""PRICE_PER_LICENSE"": 5759.174705882353, ""SIMILAR_COMPANIES_WITH_PRODUCT"": ""Gutmann, King and Gorczany, Data Innovations""}, {""PRODUCT_ID"": ""PROD_003"", ""PRODUCT_NAME"": ""Umbrella Cloud Security"", ""PRODUCT_TYPE"": ""Platform"", ""POTENTIAL_ARR"": 252942.3636363636, ""EXPECTED_ARR"": 207412.73818181813, ""PURCHASE_PROBABILITY"": 82.0, ""MAX_SIMILARITY_SCORE"": 82, ""ESTIMATED_LICENSES"": 50, ""PRICE_PER_LICENSE"": 5058.847272727272, ""SIMILAR_COMPANIES_WITH_PRODUCT"": ""Bashirian Inc, Credit Advisors""}, {""PRODUCT_ID"": ""PROD_002"", ""PRODUCT_NAME"": ""Duo Multi-Factor Authentication"", ""PRODUCT_TYPE"": ""Add-on"", ""POTENTIAL_ARR"": 188408.875, ""EXPECTED_ARR"": 154495.2775, ""PURCHASE_PROBABILITY"": 82.0, ""MAX_SIMILARITY_SCORE"": 82, ""ESTIMATED_LICENSES"": 35, ""PRICE_PER_LICENSE"": 5383.1107142857145, ""SIMILAR_COMPANIES_WITH_PRODUCT"": ""Cronin and Sons""}]",Catalyst Network Infrastructure,391794
CUST_000029,Medical Systems,215678,3,5,1558980,1296483,"Cloud Solutions, Wealth Group, Capital Management, Clinical Associates, Trust Holdings",81.2,"[{""PRODUCT_ID"": ""PROD_007"", ""PRODUCT_NAME"": ""Catalyst Network Infrastructure"", ""PRODUCT_TYPE"": ""Platform"", ""POTENTIAL_ARR"": 442496.83764705877, ""EXPECTED_ARR"": 367272.37524705875, ""PURCHASE_PROBABILITY"": 83.0, ""MAX_SIMILARITY_SCORE"": 83, ""ESTIMATED_LICENSES"": 48, ""PRICE_PER_LICENSE"": 9218.684117647057, ""SIMILAR_COMPANIES_WITH_PRODUCT"": ""Wealth Group""}, {""PRODUCT_ID"": ""PROD_006"", ""PRODUCT_NAME"": ""AppDynamics APM"", ""PRODUCT_TYPE"": ""Platform"", ""POTENTIAL_ARR"": 423908.5963636363, ""EXPECTED_ARR"": 364561.39287272724, ""PURCHASE_PROBABILITY"": 86.0, ""MAX_SIMILARITY_SCORE"": 86, ""ESTIMATED_LICENSES"": 48, ""PRICE_PER_LICENSE"": 8831.42909090909, ""SIMILAR_COMPANIES_WITH_PRODUCT"": ""Cloud Solutions, Wealth Group""}, {""PRODUCT_ID"": ""PROD_001"", ""PRODUCT_NAME"": ""Meraki Security Suite"", ""PRODUCT_TYPE"": ""Platform"", ""POTENTIAL_ARR"": 276440.38588235294, ""EXPECTED_ARR"": 218387.90484705885, ""PURCHASE_PROBABILITY"": 79.0, ""MAX_SIMILARITY_SCORE"": 79, ""ESTIMATED_LICENSES"": 48, ""PRICE_PER_LICENSE"": 5759.174705882353, ""SIMILAR_COMPANIES_WITH_PRODUCT"": ""Capital Management, Trust Holdings""}, {""PRODUCT_ID"": ""PROD_004"", ""PRODUCT_NAME"": ""Webex Collaboration Platform"", ""PRODUCT_TYPE"": ""Platform"", ""POTENTIAL_ARR"": 250229.424, ""EXPECTED_ARR"": 215197.30464, ""PURCHASE_PROBABILITY"": 86.0, ""MAX_SIMILARITY_SCORE"": 86, ""ESTIMATED_LICENSES"": 48, ""PRICE_PER_LICENSE"": 5213.113, ""SIMILAR_COMPANIES_WITH_PRODUCT"": ""Cloud Solutions, Wealth Group, Clinical Associates""}, {""PRODUCT_ID"": ""PROD_008"", ""PRODUCT_NAME"": ""SecureX Threat Response"", ""PRODUCT_TYPE"": ""Add-on"", ""POTENTIAL_ARR"": 165904.30999999997, ""EXPECTED_ARR"": 131064.40489999998, ""PURCHASE_PROBABILITY"": 79.0, ""MAX_SIMILARITY_SCORE"": 79, ""ESTIMATED_LICENSES"": 33, ""PRICE_PER_LICENSE"": 5027.403333333333, ""SIMILAR_COMPANIES_WITH_PRODUCT"": ""Clinical Associates""}]",Catalyst Network Infrastructure,367272
CUST_000002,Global Capital Management,3669528,3,3,1529556,1053172,"MedSecure Systems, Ondricka, Waters and Wilderman, Mitchell, Batz and Pouros, Swaniawski Inc, Schultz - Collins",71.0,"[{""PRODUCT_ID"": ""PROD_001"", ""PRODUCT_NAME"": ""Meraki Security Suite"", ""PRODUCT_TYPE"": ""Platform"", ""POTENTIAL_ARR"": 616231.6935294118, ""EXPECTED_ARR"": 437524.50240588235, ""PURCHASE_PROBABILITY"": 71.0, ""MAX_SIMILARITY_SCORE"": 71, ""ESTIMATED_LICENSES"": 107, ""PRICE_PER_LICENSE"": 5759.174705882353, ""SIMILAR_COMPANIES_WITH_PRODUCT"": ""Ondricka, Waters and Wilderman, Schultz - Collins""}, {""PRODUCT_ID"": ""PROD_003"", ""PRODUCT_NAME"": ""Umbrella Cloud Security"", ""PRODUCT_TYPE"": ""Platform"", ""POTENTIAL_ARR"": 541296.6581818181, ""EXPECTED_ARR"": 362668.76098181814, ""PURCHASE_PROBABILITY"": 67.0, ""MAX_SIMILARITY_SCORE"": 67, ""ESTIMATED_LICENSES"": 107, ""PRICE_PER_LICENSE"": 5058.847272727272, ""SIMILAR_COMPANIES_WITH_PRODUCT"": ""Schultz - Collins""}, {""PRODUCT_ID"": ""PROD_008"", ""PRODUCT_NAME"": ""SecureX Threat Response"", ""PRODUCT_TYPE"": ""Add-on"", ""POTENTIAL_ARR"": 372027.8466666666, ""EXPECTED_ARR"": 252978.93573333332, ""PURCHASE_PROBABILITY"": 68.0, ""MAX_SIMILARITY_SCORE"": 68, ""ESTIMATED_LICENSES"": 74, ""PRICE_PER_LICENSE"": 5027.403333333333, ""SIMILAR_COMPANIES_WITH_PRODUCT"": ""Swaniawski Inc""}]",Meraki Security Suite,437525
CUST_000015,Investment Management,811945,2,4,1527152,1191640,"Bashirian Inc, Cyber Systems, Credit Advisors, Credit Group, Wealth Capital",78.4,"[{""PRODUCT_ID"": ""PROD_007"", ""PRODUCT_NAME"": ""Catalyst Network Infrastructure"", ""PRODUCT_TYPE"": ""Platform"", ""POTENTIAL_ARR"": 525464.9947058823, ""EXPECTED_ARR"": 404608.04592352937, ""PURCHASE_PROBABILITY"": 77.0, ""MAX_SIMILARITY_SCORE"": 77, ""ESTIMATED_LICENSES"": 57, ""PRICE_PER_LICENSE"": 9218.684117647057, ""SIMILAR_COMPANIES_WITH_PRODUCT"": ""Credit Group""}, {""PRODUCT_ID"": ""PROD_006"", ""PRODUCT_NAME"": ""AppDynamics APM"", ""PRODUCT_TYPE"": ""Platform"", ""POTENTIAL_ARR"": 503391.45818181813, ""EXPECTED_ARR"": 387611.42279999994, ""PURCHASE_PROBABILITY"": 77.0, ""MAX_SIMILARITY_SCORE"": 77, ""ESTIMATED_LICENSES"": 57, ""PRICE_PER_LICENSE"": 8831.42909090909, ""SIMILAR_COMPANIES_WITH_PRODUCT"": ""Credit Group""}, {""PRODUCT_ID"": ""PROD_003"", ""PRODUCT_NAME"": ""Umbrella Cloud Security"", ""PRODUCT_TYPE"": ""Platform"", ""POTENTIAL_ARR"": 288354.2945454545, ""EXPECTED_ARR"": 233566.97858181817, ""PURCHASE_PROBABILITY"": 81.0, ""MAX_SIMILARITY_SCORE"": 81, ""ESTIMATED_LICENSES"": 57, ""PRICE_PER_LICENSE"": 5058.847272727272, ""SIMILAR_COMPANIES_WITH_PRODUCT"": ""Bashirian Inc, Credit Advisors, Wealth Capital""}, {""PRODUCT_ID"": ""PROD_002"", ""PRODUCT_NAME"": ""Duo Multi-Factor Authentication"", ""PRODUCT_TYPE"": ""Add-on"", ""POTENTIAL_ARR"": 209941.31785714286, ""EXPECTED_ARR"": 165853.64110714287, ""PURCHASE_PROBABILITY"": 79.0, ""MAX_SIMILARITY_SCORE"": 79, ""ESTIMATED_LICENSES"": 39, ""PRICE_PER_LICENSE"": 5383.1107142857145, ""SIMILAR_COMPANIES_WITH_PRODUCT"": ""Cyber Systems""}]",Catalyst Network Infrastructure,404608
CUST_000040,Data Solutions,119330,3,6,1523640,1162268,"Smith LLC, Credit Partners, Cloud Solutions, Advanced Manufacturing Co, TechCorp Industries",77.0,"[{""PRODUCT_ID"": ""PROD_009"", ""PRODUCT_NAME"": ""DNA Center Network Automation"", ""PRODUCT_TYPE"": ""Platform"", ""POTENTIAL_ARR"": 532232.0766666668, ""EXPECTED_ARR"": 388529.4159666667, ""PURCHASE_PROBABILITY"": 73.0, ""MAX_SIMILARITY_SCORE"": 73, ""ESTIMATED_LICENSES"": 31, ""PRICE_PER_LICENSE"": 17168.77666666667, ""SIMILAR_COMPANIES_WITH_PRODUCT"": ""TechCorp Industries""}, {""PRODUCT_ID"": ""PROD_006"", ""PRODUCT_NAME"": ""AppDynamics APM"", ""PRODUCT_TYPE"": ""Platform"", ""POTENTIAL_ARR"": 273774.3018181818, ""EXPECTED_ARR"": 219019.44145454548, ""PURCHASE_PROBABILITY"": 80.0, ""MAX_SIMILARITY_SCORE"": 80, ""ESTIMATED_LICENSES"": 31, ""PRICE_PER_LICENSE"": 8831.42909090909, ""SIMILAR_COMPANIES_WITH_PRODUCT"": ""Credit Partners, Cloud Solutions, Advanced Manufacturing Co""}, {""PRODUCT_ID"": ""PROD_005"", ""PRODUCT_NAME"": ""ThousandEyes Network Intelligence"", ""PRODUCT_TYPE"": ""Platform"", ""POTENTIAL_ARR"": 235632.1625, ""EXPECTED_ARR"": 193218.37325, ""PURCHASE_PROBABILITY"": 82.0, ""MAX_SIMILARITY_SCORE"": 82, ""ESTIMATED_LICENSES"": 31, ""PRICE_PER_LICENSE"": 7601.0375, ""SIMILAR_COMPANIES_WITH_PRODUCT"": ""Smith LLC, Advanced Manufacturing Co, TechCorp Industries""}, {""PRODUCT_ID"": ""PROD_010"", ""PRODUCT_NAME"": ""Contact Center AI"", ""PRODUCT_TYPE"": ""Platform"", ""POTENTIAL_ARR"": 212131.75999999998, ""EXPECTED_ARR"": 159098.81999999998, ""PURCHASE_PROBABILITY"": 75.0, ""MAX_SIMILARITY_SCORE"": 75, ""ESTIMATED_LICENSES"": 31, ""PRICE_PER_LICENSE"": 6842.959999999999, ""SIMILAR_COMPANIES_WITH_PRODUCT"": ""Advanced Manufacturing Co""}, {""PRODUCT_ID"": ""PROD_003"", ""PRODUCT_NAME"": ""Umbrella Cloud Security"", ""PRODUCT_TYPE"": ""Platform"", ""POTENTIAL_ARR"": 156824.26545454544, ""EXPECTED_ARR"": 117618.19909090908, ""PURCHASE_PROBABILITY"": 75.0, ""MAX_SIMILARITY_SCORE"": 75, ""ESTIMATED_LICENSES"": 31, ""PRICE_PER_LICENSE"": 5058.847272727272, ""SIMILAR_COMPANIES_WITH_PRODUCT"": ""Cloud Solutions""}, {""PRODUCT_ID"": ""PROD_002"", ""PRODUCT_NAME"": ""Duo Multi-Factor Authentication"", ""PRODUCT_TYPE"": ""Add-on"", ""POTENTIAL_ARR"": 113045.32500000001, ""EXPECTED_ARR"": 84783.99375000001, ""PURCHASE_PROBABILITY"": 75.0, ""MAX_SIMILARITY_SCORE"": 75, ""ESTIMATED_LICENSES"": 21, ""PRICE_PER_LICENSE"": 5383.1107142857145, ""SIMILAR_COMPANIES_WITH_PRODUCT"": ""Advanced Manufacturing Co, TechCorp Industries""}]",DNA Center Network Automation,388529
CUST_000021,Data Innovations,331717,2,5,1473372,1190079,"Collier, Bayer and Ward, Cyber Systems, Hansen LLC, Mohr and Sons, Gutmann, King and Gorczany",80.0,"[{""PRODUCT_ID"": ""PROD_007"", ""PRODUCT_NAME"": ""Catalyst Network Infrastructure"", ""PRODUCT_TYPE"": ""Platform"", ""POTENTIAL_ARR"": 451715.5217647058, ""EXPECTED_ARR"": 365889.5726294117, ""PURCHASE_PROBABILITY"": 81.0, ""MAX_SIMILARITY_SCORE"": 81, ""ESTIMATED_LICENSES"": 49, ""PRICE_PER_LICENSE"": 9218.684117647057, ""SIMILAR_COMPANIES_WITH_PRODUCT"": ""Collier, Bayer and Ward, Gutmann, King and Gorczany""}, {""PRODUCT_ID"": ""PROD_010"", ""PRODUCT_NAME"": ""Contact Center AI"", ""PRODUCT_TYPE"": ""Platform"", ""POTENTIAL_ARR"": 335305.04, ""EXPECTED_ARR"": 268244.032, ""PURCHASE_PROBABILITY"": 80.0, ""MAX_SIMILARITY_SCORE"": 80, ""ESTIMATED_LICENSES"": 49, ""PRICE_PER_LICENSE"": 6842.959999999999, ""SIMILAR_COMPANIES_WITH_PRODUCT"": ""Hansen LLC""}, {""PRODUCT_ID"": ""PROD_004"", ""PRODUCT_NAME"": ""Webex Collaboration Platform"", ""PRODUCT_TYPE"": ""Platform"", ""POTENTIAL_ARR"": 255442.537, ""EXPECTED_ARR"": 206908.45497000002, ""PURCHASE_PROBABILITY"": 81.0, ""MAX_SIMILARITY_SCORE"": 81, ""ESTIMATED_LICENSES"": 49, ""PRICE_PER_LICENSE"": 5213.113, ""SIMILAR_COMPANIES_WITH_PRODUCT"": ""Cyber Systems, Hansen LLC, Mohr and Sons""}, {""PRODUCT_ID"": ""PROD_003"", ""PRODUCT_NAME"": ""Umbrella Cloud Security"", ""PRODUCT_TYPE"": ""Platform"", ""POTENTIAL_ARR"": 247883.51636363633, ""EXPECTED_ARR"": 200785.64825454543, ""PURCHASE_PROBABILITY"": 81.0, ""MAX_SIMILARITY_SCORE"": 81, ""ESTIMATED_LICENSES"": 49, ""PRICE_PER_LICENSE"": 5058.847272727272, ""SIMILAR_COMPANIES_WITH_PRODUCT"": ""Collier, Bayer and Ward""}, {""PRODUCT_ID"": ""PROD_002"", ""PRODUCT_NAME"": ""Duo Multi-Factor Authentication"", ""PRODUCT_TYPE"": ""Add-on"", ""POTENTIAL_ARR"": 183025.7642857143, ""EXPECTED_ARR"": 148250.8690714286, ""PURCHASE_PROBABILITY"": 81.0, ""MAX_SIMILARITY_SCORE"": 81, ""ESTIMATED_LICENSES"": 34, ""PRICE_PER_LICENSE"": 5383.1107142857145, ""SIMILAR_COMPANIES_WITH_PRODUCT"": ""Cyber Systems, Mohr and Sons""}]",Catalyst Network Infrastructure,365890
CUST_000038,Wealth Capital,424729,2,5,1370347,1130472,"Credit Group, Schultz - Collins, Herzog, Bode and Frami, Investment Management, Mohr and Sons",79.8,"[{""PRODUCT_ID"": ""PROD_007"", ""PRODUCT_NAME"": ""Catalyst Network Infrastructure"", ""PRODUCT_TYPE"": ""Platform"", ""POTENTIAL_ARR"": 359528.6805882352, ""EXPECTED_ARR"": 309194.6653058823, ""PURCHASE_PROBABILITY"": 86.0, ""MAX_SIMILARITY_SCORE"": 86, ""ESTIMATED_LICENSES"": 39, ""PRICE_PER_LICENSE"": 9218.684117647057, ""SIMILAR_COMPANIES_WITH_PRODUCT"": ""Credit Group, Herzog, Bode and Frami""}, {""PRODUCT_ID"": ""PROD_006"", ""PRODUCT_NAME"": ""AppDynamics APM"", ""PRODUCT_TYPE"": ""Platform"", ""POTENTIAL_ARR"": 344425.73454545456, ""EXPECTED_ARR"": 296206.1317090909, ""PURCHASE_PROBABILITY"": 86.0, ""MAX_SIMILARITY_SCORE"": 86, ""ESTIMATED_LICENSES"": 39, ""PRICE_PER_LICENSE"": 8831.42909090909, ""SIMILAR_COMPANIES_WITH_PRODUCT"": ""Credit Group""}, {""PRODUCT_ID"": ""PROD_005"", ""PRODUCT_NAME"": ""ThousandEyes Network Intelligence"", ""PRODUCT_TYPE"": ""Platform"", ""POTENTIAL_ARR"": 296440.4625, ""EXPECTED_ARR"": 231223.56075000003, ""PURCHASE_PROBABILITY"": 78.0, ""MAX_SIMILARITY_SCORE"": 78, ""ESTIMATED_LICENSES"": 39, ""PRICE_PER_LICENSE"": 7601.0375, ""SIMILAR_COMPANIES_WITH_PRODUCT"": ""Herzog, Bode and Frami, Investment Management""}, {""PRODUCT_ID"": ""PROD_001"", ""PRODUCT_NAME"": ""Meraki Security Suite"", ""PRODUCT_TYPE"": ""Platform"", ""POTENTIAL_ARR"": 224607.81352941177, ""EXPECTED_ARR"": 181932.32895882355, ""PURCHASE_PROBABILITY"": 81.0, ""MAX_SIMILARITY_SCORE"": 81, ""ESTIMATED_LICENSES"": 39, ""PRICE_PER_LICENSE"": 5759.174705882353, ""SIMILAR_COMPANIES_WITH_PRODUCT"": ""Schultz - Collins""}, {""PRODUCT_ID"": ""PROD_002"", ""PRODUCT_NAME"": ""Duo Multi-Factor Authentication"", ""PRODUCT_TYPE"": ""Add-on"", ""POTENTIAL_ARR"": 145343.98928571428, ""EXPECTED_ARR"": 111914.87175, ""PURCHASE_PROBABILITY"": 77.0, ""MAX_SIMILARITY_SCORE"": 77, ""ESTIMATED_LICENSES"": 27, ""PRICE_PER_LICENSE"": 5383.1107142857145, ""SIMILAR_COMPANIES_WITH_PRODUCT"": ""Mohr and Sons""}]",Catalyst Network Infrastructure,309195
CUST_000001,Global Premier Works,3386280,6,3,1326927,1008146,"Global Quality Industries, Global Medical Network, TechCorp Industries, Block - Toy, Corwin LLC",71.0,"[{""PRODUCT_ID"": ""PROD_006"", ""PRODUCT_NAME"": ""AppDynamics APM"", ""PRODUCT_TYPE"": ""Platform"", ""POTENTIAL_ARR"": 565211.4618181818, ""EXPECTED_ARR"": 423908.5963636363, ""PURCHASE_PROBABILITY"": 75.0, ""MAX_SIMILARITY_SCORE"": 75, ""ESTIMATED_LICENSES"": 64, ""PRICE_PER_LICENSE"": 8831.42909090909, ""SIMILAR_COMPANIES_WITH_PRODUCT"": ""Global Medical Network, Block - Toy""}, {""PRODUCT_ID"": ""PROD_010"", ""PRODUCT_NAME"": ""Contact Center AI"", ""PRODUCT_TYPE"": ""Platform"", ""POTENTIAL_ARR"": 437949.43999999994, ""EXPECTED_ARR"": 328462.07999999996, ""PURCHASE_PROBABILITY"": 75.0, ""MAX_SIMILARITY_SCORE"": 75, ""ESTIMATED_LICENSES"": 64, ""PRICE_PER_LICENSE"": 6842.959999999999, ""SIMILAR_COMPANIES_WITH_PRODUCT"": ""Global Medical Network""}, {""PRODUCT_ID"": ""PROD_003"", ""PRODUCT_NAME"": ""Umbrella Cloud Security"", ""PRODUCT_TYPE"": ""Platform"", ""POTENTIAL_ARR"": 323766.2254545454, ""EXPECTED_ARR"": 255775.31810909088, ""PURCHASE_PROBABILITY"": 79.0, ""MAX_SIMILARITY_SCORE"": 79, ""ESTIMATED_LICENSES"": 64, ""PRICE_PER_LICENSE"": 5058.847272727272, ""SIMILAR_COMPANIES_WITH_PRODUCT"": ""Global Quality Industries""}]",AppDynamics APM,423909
CUST_000041,"Collier, Bayer and Ward",80903,2,5,1274322,1083131,"Mohr and Sons, Smith, Ratke and Ankunding, Data Innovations, Gutmann, King and Gorczany, Bashirian Inc",82.6,"[{""PRODUCT_ID"": ""PROD_006"", ""PRODUCT_NAME"": ""AppDynamics APM"", ""PRODUCT_TYPE"": ""Platform"", ""POTENTIAL_ARR"": 362088.5927272727, ""EXPECTED_ARR"": 307775.3038181818, ""PURCHASE_PROBABILITY"": 85.0, ""MAX_SIMILARITY_SCORE"": 85, ""ESTIMATED_LICENSES"": 41, ""PRICE_PER_LICENSE"": 8831.42909090909, ""SIMILAR_COMPANIES_WITH_PRODUCT"": ""Smith, Ratke and Ankunding""}, {""PRODUCT_ID"": ""PROD_005"", ""PRODUCT_NAME"": ""ThousandEyes Network Intelligence"", ""PRODUCT_TYPE"": ""Platform"", ""POTENTIAL_ARR"": 311642.53750000003, ""EXPECTED_ARR"": 252430.45537500005, ""PURCHASE_PROBABILITY"": 81.0, ""MAX_SIMILARITY_SCORE"": 81, ""ESTIMATED_LICENSES"": 41, ""PRICE_PER_LICENSE"": 7601.0375, ""SIMILAR_COMPANIES_WITH_PRODUCT"": ""Data Innovations""}, {""PRODUCT_ID"": ""PROD_004"", ""PRODUCT_NAME"": ""Webex Collaboration Platform"", ""PRODUCT_TYPE"": ""Platform"", ""POTENTIAL_ARR"": 213737.633, ""EXPECTED_ARR"": 194501.24603, ""PURCHASE_PROBABILITY"": 91.0, ""MAX_SIMILARITY_SCORE"": 91, ""ESTIMATED_LICENSES"": 41, ""PRICE_PER_LICENSE"": 5213.113, ""SIMILAR_COMPANIES_WITH_PRODUCT"": ""Mohr and Sons, Bashirian Inc""}, {""PRODUCT_ID"": ""PROD_001"", ""PRODUCT_NAME"": ""Meraki Security Suite"", ""PRODUCT_TYPE"": ""Platform"", ""POTENTIAL_ARR"": 236126.16294117647, ""EXPECTED_ARR"": 191262.19198235296, ""PURCHASE_PROBABILITY"": 81.0, ""MAX_SIMILARITY_SCORE"": 81, ""ESTIMATED_LICENSES"": 41, ""PRICE_PER_LICENSE"": 5759.174705882353, ""SIMILAR_COMPANIES_WITH_PRODUCT"": ""Data Innovations, Gutmann, King and Gorczany""}, {""PRODUCT_ID"": ""PROD_002"", ""PRODUCT_NAME"": ""Duo Multi-Factor Authentication"", ""PRODUCT_TYPE"": ""Add-on"", ""POTENTIAL_ARR"": 150727.1, ""EXPECTED_ARR"": 137161.66100000002, ""PURCHASE_PROBABILITY"": 91.0, ""MAX_SIMILARITY_SCORE"": 91, ""ESTIMATED_LICENSES"": 28, ""PRICE_PER_LICENSE"": 5383.1107142857145, ""SIMILAR_COMPANIES_WITH_PRODUCT"": ""Mohr and Sons""}]",AppDynamics APM,307775
CUST_000022,Kris - Dibbert,215609,3,6,1190890,921931,"Medical Alliance, Stokes and Sons, Bode - Mayer, Harber LLC, Wealth Group",77.8,"[{""PRODUCT_ID"": ""PROD_009"", ""PRODUCT_NAME"": ""DNA Center Network Automation"", ""PRODUCT_TYPE"": ""Platform"", ""POTENTIAL_ARR"": 394881.8633333334, ""EXPECTED_ARR"": 292212.5788666667, ""PURCHASE_PROBABILITY"": 74.0, ""MAX_SIMILARITY_SCORE"": 74, ""ESTIMATED_LICENSES"": 23, ""PRICE_PER_LICENSE"": 17168.77666666667, ""SIMILAR_COMPANIES_WITH_PRODUCT"": ""Harber LLC""}, {""PRODUCT_ID"": ""PROD_006"", ""PRODUCT_NAME"": ""AppDynamics APM"", ""PRODUCT_TYPE"": ""Platform"", ""POTENTIAL_ARR"": 203122.86909090908, ""EXPECTED_ARR"": 178748.1248, ""PURCHASE_PROBABILITY"": 88.0, ""MAX_SIMILARITY_SCORE"": 88, ""ESTIMATED_LICENSES"": 23, ""PRICE_PER_LICENSE"": 8831.42909090909, ""SIMILAR_COMPANIES_WITH_PRODUCT"": ""Medical Alliance, Stokes and Sons, Wealth Group""}, {""PRODUCT_ID"": ""PROD_007"", ""PRODUCT_NAME"": ""Catalyst Network Infrastructure"", ""PRODUCT_TYPE"": ""Platform"", ""POTENTIAL_ARR"": 212029.73470588232, ""EXPECTED_ARR"": 154781.7063352941, ""PURCHASE_PROBABILITY"": 73.0, ""MAX_SIMILARITY_SCORE"": 73, ""ESTIMATED_LICENSES"": 23, ""PRICE_PER_LICENSE"": 9218.684117647057, ""SIMILAR_COMPANIES_WITH_PRODUCT"": ""Wealth Group""}, {""PRODUCT_ID"": ""PROD_005"", ""PRODUCT_NAME"": ""ThousandEyes Network Intelligence"", ""PRODUCT_TYPE"": ""Platform"", ""POTENTIAL_ARR"": 174823.86250000002, ""EXPECTED_ARR"": 132866.1355, ""PURCHASE_PROBABILITY"": 76.0, ""MAX_SIMILARITY_SCORE"": 76, ""ESTIMATED_LICENSES"": 23, ""PRICE_PER_LICENSE"": 7601.0375, ""SIMILAR_COMPANIES_WITH_PRODUCT"": ""Bode - Mayer""}, {""PRODUCT_ID"": ""PROD_004"", ""PRODUCT_NAME"": ""Webex Collaboration Platform"", ""PRODUCT_TYPE"": ""Platform"", ""POTENTIAL_ARR"": 119901.599, ""EXPECTED_ARR"": 87528.16727, ""PURCHASE_PROBABILITY"": 73.0, ""MAX_SIMILARITY_SCORE"": 73, ""ESTIMATED_LICENSES"": 23, ""PRICE_PER_LICENSE"": 5213.113, ""SIMILAR_COMPANIES_WITH_PRODUCT"": ""Wealth Group""}, {""PRODUCT_ID"": ""PROD_002"", ""PRODUCT_NAME"": ""Duo Multi-Factor Authentication"", ""PRODUCT_TYPE"": ""Add-on"", ""POTENTIAL_ARR"": 86129.77142857143, ""EXPECTED_ARR"": 75794.19885714287, ""PURCHASE_PROBABILITY"": 88.0, ""MAX_SIMILARITY_SCORE"": 88, ""ESTIMATED_LICENSES"": 16, ""PRICE_PER_LICENSE"": 5383.1107142857145, ""SIMILAR_COMPANIES_WITH_PRODUCT"": ""Medical Alliance, Stokes and Sons, Harber LLC""}]",DNA Center Network Automation,292213
CUST_000004,Advanced Manufacturing Co,140615,6,4,1140992,910193,"Quality Corporation, Capital Management, InnovateTech Solutions, Global Financial Partners, Cloud Solutions",79.2,"[{""PRODUCT_ID"": ""PROD_009"", ""PRODUCT_NAME"": ""DNA Center Network Automation"", ""PRODUCT_TYPE"": ""Platform"", ""POTENTIAL_ARR"": 635244.7366666667, ""EXPECTED_ARR"": 508195.7893333334, ""PURCHASE_PROBABILITY"": 80.0, ""MAX_SIMILARITY_SCORE"": 80, ""ESTIMATED_LICENSES"": 37, ""PRICE_PER_LICENSE"": 17168.77666666667, ""SIMILAR_COMPANIES_WITH_PRODUCT"": ""InnovateTech Solutions, Global Financial Partners""}, {""PRODUCT_ID"": ""PROD_004"", ""PRODUCT_NAME"": ""Webex Collaboration Platform"", ""PRODUCT_TYPE"": ""Platform"", ""POTENTIAL_ARR"": 192885.181, ""EXPECTED_ARR"": 150450.44118000002, ""PURCHASE_PROBABILITY"": 78.0, ""MAX_SIMILARITY_SCORE"": 78, ""ESTIMATED_LICENSES"": 37, ""PRICE_PER_LICENSE"": 5213.113, ""SIMILAR_COMPANIES_WITH_PRODUCT"": ""Global Financial Partners, Cloud Solutions""}, {""PRODUCT_ID"": ""PROD_003"", ""PRODUCT_NAME"": ""Umbrella Cloud Security"", ""PRODUCT_TYPE"": ""Platform"", ""POTENTIAL_ARR"": 187177.34909090906, ""EXPECTED_ARR"": 149741.87927272727, ""PURCHASE_PROBABILITY"": 80.0, ""MAX_SIMILARITY_SCORE"": 80, ""ESTIMATED_LICENSES"": 37, ""PRICE_PER_LICENSE"": 5058.847272727272, ""SIMILAR_COMPANIES_WITH_PRODUCT"": ""Capital Management, Global Financial Partners, Cloud Solutions""}, {""PRODUCT_ID"": ""PROD_008"", ""PRODUCT_NAME"": ""SecureX Threat Response"", ""PRODUCT_TYPE"": ""Add-on"", ""POTENTIAL_ARR"": 125685.08333333331, ""EXPECTED_ARR"": 101804.9175, ""PURCHASE_PROBABILITY"": 81.0, ""MAX_SIMILARITY_SCORE"": 81, ""ESTIMATED_LICENSES"": 25, ""PRICE_PER_LICENSE"": 5027.403333333333, ""SIMILAR_COMPANIES_WITH_PRODUCT"": ""Quality Corporation""}]",DNA Center Network Automation,508196
CUST_000020,Credit Advisors,137516,2,5,1109345,888415,"Gutmann, King and Gorczany, Hansen LLC, Investment Management, Bashirian Inc, Credit Partners",79.2,"[{""PRODUCT_ID"": ""PROD_007"", ""PRODUCT_NAME"": ""Catalyst Network Infrastructure"", ""PRODUCT_TYPE"": ""Platform"", ""POTENTIAL_ARR"": 267341.83941176464, ""EXPECTED_ARR"": 221893.72671176464, ""PURCHASE_PROBABILITY"": 83.0, ""MAX_SIMILARITY_SCORE"": 83, ""ESTIMATED_LICENSES"": 29, ""PRICE_PER_LICENSE"": 9218.684117647057, ""SIMILAR_COMPANIES_WITH_PRODUCT"": ""Gutmann, King and Gorczany, Credit Partners""}, {""PRODUCT_ID"": ""PROD_006"", ""PRODUCT_NAME"": ""AppDynamics APM"", ""PRODUCT_TYPE"": ""Platform"", ""POTENTIAL_ARR"": 256111.44363636363, ""EXPECTED_ARR"": 197205.81160000002, ""PURCHASE_PROBABILITY"": 77.0, ""MAX_SIMILARITY_SCORE"": 77, ""ESTIMATED_LICENSES"": 29, ""PRICE_PER_LICENSE"": 8831.42909090909, ""SIMILAR_COMPANIES_WITH_PRODUCT"": ""Credit Partners""}, {""PRODUCT_ID"": ""PROD_005"", ""PRODUCT_NAME"": ""ThousandEyes Network Intelligence"", ""PRODUCT_TYPE"": ""Platform"", ""POTENTIAL_ARR"": 220430.08750000002, ""EXPECTED_ARR"": 171935.46825000003, ""PURCHASE_PROBABILITY"": 78.0, ""MAX_SIMILARITY_SCORE"": 78, ""ESTIMATED_LICENSES"": 29, ""PRICE_PER_LICENSE"": 7601.0375, ""SIMILAR_COMPANIES_WITH_PRODUCT"": ""Investment Management""}, {""PRODUCT_ID"": ""PROD_010"", ""PRODUCT_NAME"": ""Contact Center AI"", ""PRODUCT_TYPE"": ""Platform"", ""POTENTIAL_ARR"": 198445.83999999997, ""EXPECTED_ARR"": 158756.672, ""PURCHASE_PROBABILITY"": 80.0, ""MAX_SIMILARITY_SCORE"": 80, ""ESTIMATED_LICENSES"": 29, ""PRICE_PER_LICENSE"": 6842.959999999999, ""SIMILAR_COMPANIES_WITH_PRODUCT"": ""Hansen LLC""}, {""PRODUCT_ID"": ""PROD_001"", ""PRODUCT_NAME"": ""Meraki Security Suite"", ""PRODUCT_TYPE"": ""Platform"", ""POTENTIAL_ARR"": 167016.06647058824, ""EXPECTED_ARR"": 138623.33517058822, ""PURCHASE_PROBABILITY"": 83.0, ""MAX_SIMILARITY_SCORE"": 83, ""ESTIMATED_LICENSES"": 29, ""PRICE_PER_LICENSE"": 5759.174705882353, ""SIMILAR_COMPANIES_WITH_PRODUCT"": ""Gutmann, King and Gorczany, Credit Partners""}]",Catalyst Network Infrastructure,221894
CUST_000016,Capital Management,439445,3,6,1068138,875771,"Trust Holdings, Global Financial Partners, Advanced Manufacturing Co, Stokes and Sons, Medical Systems",82.2,"[{""PRODUCT_ID"": ""PROD_009"", ""PRODUCT_NAME"": ""DNA Center Network Automation"", ""PRODUCT_TYPE"": ""Platform"", ""POTENTIAL_ARR"": 360544.31000000006, ""EXPECTED_ARR"": 292040.89110000007, ""PURCHASE_PROBABILITY"": 81.0, ""MAX_SIMILARITY_SCORE"": 81, ""ESTIMATED_LICENSES"": 21, ""PRICE_PER_LICENSE"": 17168.77666666667, ""SIMILAR_COMPANIES_WITH_PRODUCT"": ""Global Financial Partners""}, {""PRODUCT_ID"": ""PROD_007"", ""PRODUCT_NAME"": ""Catalyst Network Infrastructure"", ""PRODUCT_TYPE"": ""Platform"", ""POTENTIAL_ARR"": 193592.3664705882, ""EXPECTED_ARR"": 154873.89317647056, ""PURCHASE_PROBABILITY"": 80.0, ""MAX_SIMILARITY_SCORE"": 80, ""ESTIMATED_LICENSES"": 21, ""PRICE_PER_LICENSE"": 9218.684117647057, ""SIMILAR_COMPANIES_WITH_PRODUCT"": ""Advanced Manufacturing Co""}, {""PRODUCT_ID"": ""PROD_006"", ""PRODUCT_NAME"": ""AppDynamics APM"", ""PRODUCT_TYPE"": ""Platform"", ""POTENTIAL_ARR"": 185460.0109090909, ""EXPECTED_ARR"": 148368.0087272727, ""PURCHASE_PROBABILITY"": 80.0, ""MAX_SIMILARITY_SCORE"": 80, ""ESTIMATED_LICENSES"": 21, ""PRICE_PER_LICENSE"": 8831.42909090909, ""SIMILAR_COMPANIES_WITH_PRODUCT"": ""Advanced Manufacturing Co, Stokes and Sons""}, {""PRODUCT_ID"": ""PROD_010"", ""PRODUCT_NAME"": ""Contact Center AI"", ""PRODUCT_TYPE"": ""Platform"", ""POTENTIAL_ARR"": 143702.15999999997, ""EXPECTED_ARR"": 130768.96559999998, ""PURCHASE_PROBABILITY"": 91.0, ""MAX_SIMILARITY_SCORE"": 91, ""ESTIMATED_LICENSES"": 21, ""PRICE_PER_LICENSE"": 6842.959999999999, ""SIMILAR_COMPANIES_WITH_PRODUCT"": ""Trust Holdings, Advanced Manufacturing Co, Stokes and Sons""}, {""PRODUCT_ID"": ""PROD_004"", ""PRODUCT_NAME"": ""Webex Collaboration Platform"", ""PRODUCT_TYPE"": ""Platform"", ""POTENTIAL_ARR"": 109475.373, ""EXPECTED_ARR"": 88675.05213000001, ""PURCHASE_PROBABILITY"": 81.0, ""MAX_SIMILARITY_SCORE"": 81, ""ESTIMATED_LICENSES"": 21, ""PRICE_PER_LICENSE"": 5213.113, ""SIMILAR_COMPANIES_WITH_PRODUCT"": ""Global Financial Partners""}, {""PRODUCT_ID"": ""PROD_002"", ""PRODUCT_NAME"": ""Duo Multi-Factor Authentication"", ""PRODUCT_TYPE"": ""Add-on"", ""POTENTIAL_ARR"": 75363.55, ""EXPECTED_ARR"": 61044.47550000001, ""PURCHASE_PROBABILITY"": 81.0, ""MAX_SIMILARITY_SCORE"": 81, ""ESTIMATED_LICENSES"": 14, ""PRICE_PER_LICENSE"": 5383.1107142857145, ""SIMILAR_COMPANIES_WITH_PRODUCT"": ""Global Financial Partners, Advanced Manufacturing Co, Stokes and Sons""}]",DNA Center Network Automation,292041
CUST_000005,InnovateTech Solutions,496079,3,6,1027122,811294,"Advanced Manufacturing Co, Smith, Ratke and Ankunding, Mitchell, Batz and Pouros, Cyber Systems, Cloud Solutions",78.0,"[{""PRODUCT_ID"": ""PROD_006"", ""PRODUCT_NAME"": ""AppDynamics APM"", ""PRODUCT_TYPE"": ""Platform"", ""POTENTIAL_ARR"": 256111.44363636363, ""EXPECTED_ARR"": 204889.15490909092, ""PURCHASE_PROBABILITY"": 80.0, ""MAX_SIMILARITY_SCORE"": 80, ""ESTIMATED_LICENSES"": 29, ""PRICE_PER_LICENSE"": 8831.42909090909, ""SIMILAR_COMPANIES_WITH_PRODUCT"": ""Advanced Manufacturing Co, Smith, Ratke and Ankunding, Cloud Solutions""}, {""PRODUCT_ID"": ""PROD_010"", ""PRODUCT_NAME"": ""Contact Center AI"", ""PRODUCT_TYPE"": ""Platform"", ""POTENTIAL_ARR"": 198445.83999999997, ""EXPECTED_ARR"": 158756.672, ""PURCHASE_PROBABILITY"": 80.0, ""MAX_SIMILARITY_SCORE"": 80, ""ESTIMATED_LICENSES"": 29, ""PRICE_PER_LICENSE"": 6842.959999999999, ""SIMILAR_COMPANIES_WITH_PRODUCT"": ""Advanced Manufacturing Co""}, {""PRODUCT_ID"": ""PROD_001"", ""PRODUCT_NAME"": ""Meraki Security Suite"", ""PRODUCT_TYPE"": ""Platform"", ""POTENTIAL_ARR"": 167016.06647058824, ""EXPECTED_ARR"": 133612.85317647058, ""PURCHASE_PROBABILITY"": 80.0, ""MAX_SIMILARITY_SCORE"": 80, ""ESTIMATED_LICENSES"": 29, ""PRICE_PER_LICENSE"": 5759.174705882353, ""SIMILAR_COMPANIES_WITH_PRODUCT"": ""Advanced Manufacturing Co""}, {""PRODUCT_ID"": ""PROD_004"", ""PRODUCT_NAME"": ""Webex Collaboration Platform"", ""PRODUCT_TYPE"": ""Platform"", ""POTENTIAL_ARR"": 151180.277, ""EXPECTED_ARR"": 116408.81329, ""PURCHASE_PROBABILITY"": 77.0, ""MAX_SIMILARITY_SCORE"": 77, ""ESTIMATED_LICENSES"": 29, ""PRICE_PER_LICENSE"": 5213.113, ""SIMILAR_COMPANIES_WITH_PRODUCT"": ""Cyber Systems, Cloud Solutions""}, {""PRODUCT_ID"": ""PROD_003"", ""PRODUCT_NAME"": ""Umbrella Cloud Security"", ""PRODUCT_TYPE"": ""Platform"", ""POTENTIAL_ARR"": 146706.5709090909, ""EXPECTED_ARR"": 111496.99389090909, ""PURCHASE_PROBABILITY"": 76.0, ""MAX_SIMILARITY_SCORE"": 76, ""ESTIMATED_LICENSES"": 29, ""PRICE_PER_LICENSE"": 5058.847272727272, ""SIMILAR_COMPANIES_WITH_PRODUCT"": ""Cloud Solutions""}, {""PRODUCT_ID"": ""PROD_002"", ""PRODUCT_NAME"": ""Duo Multi-Factor Authentication"", ""PRODUCT_TYPE"": ""Add-on"", ""POTENTIAL_ARR"": 107662.21428571429, ""EXPECTED_ARR"": 86129.77142857143, ""PURCHASE_PROBABILITY"": 80.0, ""MAX_SIMILARITY_SCORE"": 80, ""ESTIMATED_LICENSES"": 20, ""PRICE_PER_LICENSE"": 5383.1107142857145, ""SIMILAR_COMPANIES_WITH_PRODUCT"": ""Advanced Manufacturing Co, Mitchell, Batz and Pouros, Cyber Systems""}]",AppDynamics APM,204889
CUST_000037,Stokes and Sons,490470,3,4,1016183,826678,"Bode - Mayer, Pagac - Muller, Capital Management, Medical Alliance, Kris - Dibbert",80.0,"[{""PRODUCT_ID"": ""PROD_005"", ""PRODUCT_NAME"": ""ThousandEyes Network Intelligence"", ""PRODUCT_TYPE"": ""Platform"", ""POTENTIAL_ARR"": 326844.6125, ""EXPECTED_ARR"": 268012.58225, ""PURCHASE_PROBABILITY"": 82.0, ""MAX_SIMILARITY_SCORE"": 82, ""ESTIMATED_LICENSES"": 43, ""PRICE_PER_LICENSE"": 7601.0375, ""SIMILAR_COMPANIES_WITH_PRODUCT"": ""Bode - Mayer, Pagac - Muller, Capital Management""}, {""PRODUCT_ID"": ""PROD_001"", ""PRODUCT_NAME"": ""Meraki Security Suite"", ""PRODUCT_TYPE"": ""Platform"", ""POTENTIAL_ARR"": 247644.51235294118, ""EXPECTED_ARR"": 203068.50012941175, ""PURCHASE_PROBABILITY"": 82.0, ""MAX_SIMILARITY_SCORE"": 82, ""ESTIMATED_LICENSES"": 43, ""PRICE_PER_LICENSE"": 5759.174705882353, ""SIMILAR_COMPANIES_WITH_PRODUCT"": ""Bode - Mayer, Capital Management, Medical Alliance""}, {""PRODUCT_ID"": ""PROD_004"", ""PRODUCT_NAME"": ""Webex Collaboration Platform"", ""PRODUCT_TYPE"": ""Platform"", ""POTENTIAL_ARR"": 224163.85900000003, ""EXPECTED_ARR"": 181572.72579000003, ""PURCHASE_PROBABILITY"": 81.0, ""MAX_SIMILARITY_SCORE"": 81, ""ESTIMATED_LICENSES"": 43, ""PRICE_PER_LICENSE"": 5213.113, ""SIMILAR_COMPANIES_WITH_PRODUCT"": ""Pagac - Muller""}, {""PRODUCT_ID"": ""PROD_003"", ""PRODUCT_NAME"": ""Umbrella Cloud Security"", ""PRODUCT_TYPE"": ""Platform"", ""POTENTIAL_ARR"": 217530.43272727268, ""EXPECTED_ARR"": 174024.34618181817, ""PURCHASE_PROBABILITY"": 80.0, ""MAX_SIMILARITY_SCORE"": 80, ""ESTIMATED_LICENSES"": 43, ""PRICE_PER_LICENSE"": 5058.847272727272, ""SIMILAR_COMPANIES_WITH_PRODUCT"": ""Capital Management, Kris - Dibbert""}]",ThousandEyes Network Intelligence,268013
CUST_000004,Global Medical Network,4199901,6,3,1015307,752122,"Global Premier Works, Global Quality Industries, Block - Toy, Medical Systems, White, Boehm and Hilpert",68.6,"[{""PRODUCT_ID"": ""PROD_009"", ""PRODUCT_NAME"": ""DNA Center Network Automation"", ""PRODUCT_TYPE"": ""Platform"", ""POTENTIAL_ARR"": 635244.7366666667, ""EXPECTED_ARR"": 476433.5525, ""PURCHASE_PROBABILITY"": 75.0, ""MAX_SIMILARITY_SCORE"": 75, ""ESTIMATED_LICENSES"": 37, ""PRICE_PER_LICENSE"": 17168.77666666667, ""SIMILAR_COMPANIES_WITH_PRODUCT"": ""Global Premier Works, Global Quality Industries, White, Boehm and Hilpert""}, {""PRODUCT_ID"": ""PROD_004"", ""PRODUCT_NAME"": ""Webex Collaboration Platform"", ""PRODUCT_TYPE"": ""Platform"", ""POTENTIAL_ARR"": 192885.181, ""EXPECTED_ARR"": 144663.88575000002, ""PURCHASE_PROBABILITY"": 75.0, ""MAX_SIMILARITY_SCORE"": 75, ""ESTIMATED_LICENSES"": 37, ""PRICE_PER_LICENSE"": 5213.113, ""SIMILAR_COMPANIES_WITH_PRODUCT"": ""Global Premier Works, Global Quality Industries""}, {""PRODUCT_ID"": ""PROD_003"", ""PRODUCT_NAME"": ""Umbrella Cloud Security"", ""PRODUCT_TYPE"": ""Platform"", ""POTENTIAL_ARR"": 187177.34909090906, ""EXPECTED_ARR"": 131024.14436363634, ""PURCHASE_PROBABILITY"": 70.0, ""MAX_SIMILARITY_SCORE"": 70, ""ESTIMATED_LICENSES"": 37, ""PRICE_PER_LICENSE"": 5058.847272727272, ""SIMILAR_COMPANIES_WITH_PRODUCT"": ""Global Quality Industries, Medical Systems""}]",DNA Center Network Automation,476434
CUST_000032,Wealth Group,320768,3,4,959957,792387,"Medical Systems, Bode - Mayer, Cloud Solutions, Trust Holdings, Credit Group",80.4,"[{""PRODUCT_ID"": ""PROD_005"", ""PRODUCT_NAME"": ""ThousandEyes Network Intelligence"", ""PRODUCT_TYPE"": ""Platform"", ""POTENTIAL_ARR"": 288839.425, ""EXPECTED_ARR"": 239736.72275, ""PURCHASE_PROBABILITY"": 83.0, ""MAX_SIMILARITY_SCORE"": 83, ""ESTIMATED_LICENSES"": 38, ""PRICE_PER_LICENSE"": 7601.0375, ""SIMILAR_COMPANIES_WITH_PRODUCT"": ""Medical Systems, Bode - Mayer, Trust Holdings""}, {""PRODUCT_ID"": ""PROD_010"", ""PRODUCT_NAME"": ""Contact Center AI"", ""PRODUCT_TYPE"": ""Platform"", ""POTENTIAL_ARR"": 260032.47999999998, ""EXPECTED_ARR"": 215826.95839999997, ""PURCHASE_PROBABILITY"": 83.0, ""MAX_SIMILARITY_SCORE"": 83, ""ESTIMATED_LICENSES"": 38, ""PRICE_PER_LICENSE"": 6842.959999999999, ""SIMILAR_COMPANIES_WITH_PRODUCT"": ""Medical Systems, Bode - Mayer, Trust Holdings""}, {""PRODUCT_ID"": ""PROD_001"", ""PRODUCT_NAME"": ""Meraki Security Suite"", ""PRODUCT_TYPE"": ""Platform"", ""POTENTIAL_ARR"": 218848.6388235294, ""EXPECTED_ARR"": 177267.39744705884, ""PURCHASE_PROBABILITY"": 81.0, ""MAX_SIMILARITY_SCORE"": 81, ""ESTIMATED_LICENSES"": 38, ""PRICE_PER_LICENSE"": 5759.174705882353, ""SIMILAR_COMPANIES_WITH_PRODUCT"": ""Bode - Mayer, Trust Holdings""}, {""PRODUCT_ID"": ""PROD_003"", ""PRODUCT_NAME"": ""Umbrella Cloud Security"", ""PRODUCT_TYPE"": ""Platform"", ""POTENTIAL_ARR"": 192236.19636363632, ""EXPECTED_ARR"": 159556.04298181814, ""PURCHASE_PROBABILITY"": 83.0, ""MAX_SIMILARITY_SCORE"": 83, ""ESTIMATED_LICENSES"": 38, ""PRICE_PER_LICENSE"": 5058.847272727272, ""SIMILAR_COMPANIES_WITH_PRODUCT"": ""Medical Systems, Cloud Solutions""}]",ThousandEyes Network Intelligence,239737
CUST_000017,Bode - Mayer,323711,3,5,895297,730232,"Bruen - Adams, Stokes and Sons, Wealth Group, Schultz - Collins, Medical Alliance",81.0,"[{""PRODUCT_ID"": ""PROD_007"", ""PRODUCT_NAME"": ""Catalyst Network Infrastructure"", ""PRODUCT_TYPE"": ""Platform"", ""POTENTIAL_ARR"": 258123.1552941176, ""EXPECTED_ARR"": 209079.75578823528, ""PURCHASE_PROBABILITY"": 81.0, ""MAX_SIMILARITY_SCORE"": 81, ""ESTIMATED_LICENSES"": 28, ""PRICE_PER_LICENSE"": 9218.684117647057, ""SIMILAR_COMPANIES_WITH_PRODUCT"": ""Wealth Group""}, {""PRODUCT_ID"": ""PROD_006"", ""PRODUCT_NAME"": ""AppDynamics APM"", ""PRODUCT_TYPE"": ""Platform"", ""POTENTIAL_ARR"": 247280.01454545453, ""EXPECTED_ARR"": 202769.6119272727, ""PURCHASE_PROBABILITY"": 82.0, ""MAX_SIMILARITY_SCORE"": 82, ""ESTIMATED_LICENSES"": 28, ""PRICE_PER_LICENSE"": 8831.42909090909, ""SIMILAR_COMPANIES_WITH_PRODUCT"": ""Stokes and Sons, Wealth Group, Medical Alliance""}, {""PRODUCT_ID"": ""PROD_004"", ""PRODUCT_NAME"": ""Webex Collaboration Platform"", ""PRODUCT_TYPE"": ""Platform"", ""POTENTIAL_ARR"": 145967.16400000002, ""EXPECTED_ARR"": 122612.41776000001, ""PURCHASE_PROBABILITY"": 84.0, ""MAX_SIMILARITY_SCORE"": 84, ""ESTIMATED_LICENSES"": 28, ""PRICE_PER_LICENSE"": 5213.113, ""SIMILAR_COMPANIES_WITH_PRODUCT"": ""Bruen - Adams, Wealth Group""}, {""PRODUCT_ID"": ""PROD_003"", ""PRODUCT_NAME"": ""Umbrella Cloud Security"", ""PRODUCT_TYPE"": ""Platform"", ""POTENTIAL_ARR"": 141647.7236363636, ""EXPECTED_ARR"": 111901.70167272726, ""PURCHASE_PROBABILITY"": 79.0, ""MAX_SIMILARITY_SCORE"": 79, ""ESTIMATED_LICENSES"": 28, ""PRICE_PER_LICENSE"": 5058.847272727272, ""SIMILAR_COMPANIES_WITH_PRODUCT"": ""Schultz - Collins""}, {""PRODUCT_ID"": ""PROD_002"", ""PRODUCT_NAME"": ""Duo Multi-Factor Authentication"", ""PRODUCT_TYPE"": ""Add-on"", ""POTENTIAL_ARR"": 102279.10357142857, ""EXPECTED_ARR"": 83868.86492857142, ""PURCHASE_PROBABILITY"": 82.0, ""MAX_SIMILARITY_SCORE"": 82, ""ESTIMATED_LICENSES"": 19, ""PRICE_PER_LICENSE"": 5383.1107142857145, ""SIMILAR_COMPANIES_WITH_PRODUCT"": ""Stokes and Sons, Medical Alliance""}]",Catalyst Network Infrastructure,209080
CUST_000001,TechCorp Industries,1522871,6,2,888978,625522,"Data Solutions, Global Financial Partners, Global Premier Works, Block - Toy, Harber LLC",70.6,"[{""PRODUCT_ID"": ""PROD_006"", ""PRODUCT_NAME"": ""AppDynamics APM"", ""PRODUCT_TYPE"": ""Platform"", ""POTENTIAL_ARR"": 565211.4618181818, ""EXPECTED_ARR"": 395648.0232727272, ""PURCHASE_PROBABILITY"": 70.0, ""MAX_SIMILARITY_SCORE"": 70, ""ESTIMATED_LICENSES"": 64, ""PRICE_PER_LICENSE"": 8831.42909090909, ""SIMILAR_COMPANIES_WITH_PRODUCT"": ""Block - Toy""}, {""PRODUCT_ID"": ""PROD_003"", ""PRODUCT_NAME"": ""Umbrella Cloud Security"", ""PRODUCT_TYPE"": ""Platform"", ""POTENTIAL_ARR"": 323766.2254545454, ""EXPECTED_ARR"": 229874.02007272723, ""PURCHASE_PROBABILITY"": 71.0, ""MAX_SIMILARITY_SCORE"": 71, ""ESTIMATED_LICENSES"": 64, ""PRICE_PER_LICENSE"": 5058.847272727272, ""SIMILAR_COMPANIES_WITH_PRODUCT"": ""Global Financial Partners, Harber LLC""}]",AppDynamics APM,395648
CUST_000018,"Smith, Ratke and Ankunding",407999,2,5,874658,724859,"Collier, Bayer and Ward, Mitchell, Batz and Pouros, Pagac - Muller, Bashirian Inc, Schultz - Collins",82.6,"[{""PRODUCT_ID"": ""PROD_005"", ""PRODUCT_NAME"": ""ThousandEyes Network Intelligence"", ""PRODUCT_TYPE"": ""Platform"", ""POTENTIAL_ARR"": 243233.2, ""EXPECTED_ARR"": 201883.556, ""PURCHASE_PROBABILITY"": 83.0, ""MAX_SIMILARITY_SCORE"": 83, ""ESTIMATED_LICENSES"": 32, ""PRICE_PER_LICENSE"": 7601.0375, ""SIMILAR_COMPANIES_WITH_PRODUCT"": ""Pagac - Muller""}, {""PRODUCT_ID"": ""PROD_001"", ""PRODUCT_NAME"": ""Meraki Security Suite"", ""PRODUCT_TYPE"": ""Platform"", ""POTENTIAL_ARR"": 184293.5905882353, ""EXPECTED_ARR"": 147434.87247058825, ""PURCHASE_PROBABILITY"": 80.0, ""MAX_SIMILARITY_SCORE"": 80, ""ESTIMATED_LICENSES"": 32, ""PRICE_PER_LICENSE"": 5759.174705882353, ""SIMILAR_COMPANIES_WITH_PRODUCT"": ""Schultz - Collins""}, {""PRODUCT_ID"": ""PROD_004"", ""PRODUCT_NAME"": ""Webex Collaboration Platform"", ""PRODUCT_TYPE"": ""Platform"", ""POTENTIAL_ARR"": 166819.616, ""EXPECTED_ARR"": 138460.28128, ""PURCHASE_PROBABILITY"": 83.0, ""MAX_SIMILARITY_SCORE"": 83, ""ESTIMATED_LICENSES"": 32, ""PRICE_PER_LICENSE"": 5213.113, ""SIMILAR_COMPANIES_WITH_PRODUCT"": ""Pagac - Muller, Bashirian Inc""}, {""PRODUCT_ID"": ""PROD_003"", ""PRODUCT_NAME"": ""Umbrella Cloud Security"", ""PRODUCT_TYPE"": ""Platform"", ""POTENTIAL_ARR"": 161883.1127272727, ""EXPECTED_ARR"": 137600.6458181818, ""PURCHASE_PROBABILITY"": 85.0, ""MAX_SIMILARITY_SCORE"": 85, ""ESTIMATED_LICENSES"": 32, ""PRICE_PER_LICENSE"": 5058.847272727272, ""SIMILAR_COMPANIES_WITH_PRODUCT"": ""Collier, Bayer and Ward, Bashirian Inc, Schultz - Collins""}, {""PRODUCT_ID"": ""PROD_002"", ""PRODUCT_NAME"": ""Duo Multi-Factor Authentication"", ""PRODUCT_TYPE"": ""Add-on"", ""POTENTIAL_ARR"": 118428.43571428572, ""EXPECTED_ARR"": 99479.886, ""PURCHASE_PROBABILITY"": 84.0, ""MAX_SIMILARITY_SCORE"": 84, ""ESTIMATED_LICENSES"": 22, ""PRICE_PER_LICENSE"": 5383.1107142857145, ""SIMILAR_COMPANIES_WITH_PRODUCT"": ""Mitchell, Batz and Pouros""}]",ThousandEyes Network Intelligence,201884
CUST_000023,Smith LLC,450570,3,5,797447,636899,"Credit Partners, Data Solutions, Bashirian Inc, Stokes and Sons, Smith, Ratke and Ankunding",78.6,"[{""PRODUCT_ID"": ""PROD_006"", ""PRODUCT_NAME"": ""AppDynamics APM"", ""PRODUCT_TYPE"": ""Platform"", ""POTENTIAL_ARR"": 238448.58545454545, ""EXPECTED_ARR"": 205065.7834909091, ""PURCHASE_PROBABILITY"": 86.0, ""MAX_SIMILARITY_SCORE"": 86, ""ESTIMATED_LICENSES"": 27, ""PRICE_PER_LICENSE"": 8831.42909090909, ""SIMILAR_COMPANIES_WITH_PRODUCT"": ""Credit Partners, Stokes and Sons, Smith, Ratke and Ankunding""}, {""PRODUCT_ID"": ""PROD_010"", ""PRODUCT_NAME"": ""Contact Center AI"", ""PRODUCT_TYPE"": ""Platform"", ""POTENTIAL_ARR"": 184759.91999999998, ""EXPECTED_ARR"": 138569.94, ""PURCHASE_PROBABILITY"": 75.0, ""MAX_SIMILARITY_SCORE"": 75, ""ESTIMATED_LICENSES"": 27, ""PRICE_PER_LICENSE"": 6842.959999999999, ""SIMILAR_COMPANIES_WITH_PRODUCT"": ""Stokes and Sons""}, {""PRODUCT_ID"": ""PROD_004"", ""PRODUCT_NAME"": ""Webex Collaboration Platform"", ""PRODUCT_TYPE"": ""Platform"", ""POTENTIAL_ARR"": 140754.051, ""EXPECTED_ARR"": 115418.32182, ""PURCHASE_PROBABILITY"": 82.0, ""MAX_SIMILARITY_SCORE"": 82, ""ESTIMATED_LICENSES"": 27, ""PRICE_PER_LICENSE"": 5213.113, ""SIMILAR_COMPANIES_WITH_PRODUCT"": ""Data Solutions, Bashirian Inc""}, {""PRODUCT_ID"": ""PROD_003"", ""PRODUCT_NAME"": ""Umbrella Cloud Security"", ""PRODUCT_TYPE"": ""Platform"", ""POTENTIAL_ARR"": 136588.87636363634, ""EXPECTED_ARR"": 105173.43479999999, ""PURCHASE_PROBABILITY"": 77.0, ""MAX_SIMILARITY_SCORE"": 77, ""ESTIMATED_LICENSES"": 27, ""PRICE_PER_LICENSE"": 5058.847272727272, ""SIMILAR_COMPANIES_WITH_PRODUCT"": ""Bashirian Inc""}, {""PRODUCT_ID"": ""PROD_002"", ""PRODUCT_NAME"": ""Duo Multi-Factor Authentication"", ""PRODUCT_TYPE"": ""Add-on"", ""POTENTIAL_ARR"": 96895.99285714286, ""EXPECTED_ARR"": 72671.99464285714, ""PURCHASE_PROBABILITY"": 75.0, ""MAX_SIMILARITY_SCORE"": 75, ""ESTIMATED_LICENSES"": 18, ""PRICE_PER_LICENSE"": 5383.1107142857145, ""SIMILAR_COMPANIES_WITH_PRODUCT"": ""Stokes and Sons""}]",AppDynamics APM,205066
CUST_000031,Credit Partners,202633,3,5,794326,623409,"Smith LLC, Data Solutions, Credit Advisors, Capital Management, Advanced Manufacturing Co",78.4,"[{""PRODUCT_ID"": ""PROD_005"", ""PRODUCT_NAME"": ""ThousandEyes Network Intelligence"", ""PRODUCT_TYPE"": ""Platform"", ""POTENTIAL_ARR"": 212829.05000000002, ""EXPECTED_ARR"": 183032.983, ""PURCHASE_PROBABILITY"": 86.0, ""MAX_SIMILARITY_SCORE"": 86, ""ESTIMATED_LICENSES"": 28, ""PRICE_PER_LICENSE"": 7601.0375, ""SIMILAR_COMPANIES_WITH_PRODUCT"": ""Smith LLC, Capital Management, Advanced Manufacturing Co""}, {""PRODUCT_ID"": ""PROD_010"", ""PRODUCT_NAME"": ""Contact Center AI"", ""PRODUCT_TYPE"": ""Platform"", ""POTENTIAL_ARR"": 191602.87999999998, ""EXPECTED_ARR"": 139870.10239999997, ""PURCHASE_PROBABILITY"": 73.0, ""MAX_SIMILARITY_SCORE"": 73, ""ESTIMATED_LICENSES"": 28, ""PRICE_PER_LICENSE"": 6842.959999999999, ""SIMILAR_COMPANIES_WITH_PRODUCT"": ""Advanced Manufacturing Co""}, {""PRODUCT_ID"": ""PROD_004"", ""PRODUCT_NAME"": ""Webex Collaboration Platform"", ""PRODUCT_TYPE"": ""Platform"", ""POTENTIAL_ARR"": 145967.16400000002, ""EXPECTED_ARR"": 116773.73120000002, ""PURCHASE_PROBABILITY"": 80.0, ""MAX_SIMILARITY_SCORE"": 80, ""ESTIMATED_LICENSES"": 28, ""PRICE_PER_LICENSE"": 5213.113, ""SIMILAR_COMPANIES_WITH_PRODUCT"": ""Data Solutions, Credit Advisors""}, {""PRODUCT_ID"": ""PROD_003"", ""PRODUCT_NAME"": ""Umbrella Cloud Security"", ""PRODUCT_TYPE"": ""Platform"", ""POTENTIAL_ARR"": 141647.7236363636, ""EXPECTED_ARR"": 109068.74719999998, ""PURCHASE_PROBABILITY"": 77.0, ""MAX_SIMILARITY_SCORE"": 77, ""ESTIMATED_LICENSES"": 28, ""PRICE_PER_LICENSE"": 5058.847272727272, ""SIMILAR_COMPANIES_WITH_PRODUCT"": ""Credit Advisors, Capital Management""}, {""PRODUCT_ID"": ""PROD_002"", ""PRODUCT_NAME"": ""Duo Multi-Factor Authentication"", ""PRODUCT_TYPE"": ""Add-on"", ""POTENTIAL_ARR"": 102279.10357142857, ""EXPECTED_ARR"": 74663.74560714285, ""PURCHASE_PROBABILITY"": 73.0, ""MAX_SIMILARITY_SCORE"": 73, ""ESTIMATED_LICENSES"": 19, ""PRICE_PER_LICENSE"": 5383.1107142857145, ""SIMILAR_COMPANIES_WITH_PRODUCT"": ""Advanced Manufacturing Co""}]",ThousandEyes Network Intelligence,183033
CUST_000028,Medical Alliance,181551,3,5,780497,631271,"Kris - Dibbert, Bode - Mayer, Stokes and Sons, Medical Systems, Wealth Group",79.6,"[{""PRODUCT_ID"": ""PROD_007"", ""PRODUCT_NAME"": ""Catalyst Network Infrastructure"", ""PRODUCT_TYPE"": ""Platform"", ""POTENTIAL_ARR"": 212029.73470588232, ""EXPECTED_ARR"": 161142.59837647056, ""PURCHASE_PROBABILITY"": 76.0, ""MAX_SIMILARITY_SCORE"": 76, ""ESTIMATED_LICENSES"": 23, ""PRICE_PER_LICENSE"": 9218.684117647057, ""SIMILAR_COMPANIES_WITH_PRODUCT"": ""Wealth Group""}, {""PRODUCT_ID"": ""PROD_010"", ""PRODUCT_NAME"": ""Contact Center AI"", ""PRODUCT_TYPE"": ""Platform"", ""POTENTIAL_ARR"": 157388.08, ""EXPECTED_ARR"": 138501.5104, ""PURCHASE_PROBABILITY"": 88.0, ""MAX_SIMILARITY_SCORE"": 88, ""ESTIMATED_LICENSES"": 23, ""PRICE_PER_LICENSE"": 6842.959999999999, ""SIMILAR_COMPANIES_WITH_PRODUCT"": ""Kris - Dibbert, Bode - Mayer, Stokes and Sons""}, {""PRODUCT_ID"": ""PROD_005"", ""PRODUCT_NAME"": ""ThousandEyes Network Intelligence"", ""PRODUCT_TYPE"": ""Platform"", ""POTENTIAL_ARR"": 174823.86250000002, ""EXPECTED_ARR"": 138110.85137500003, ""PURCHASE_PROBABILITY"": 79.0, ""MAX_SIMILARITY_SCORE"": 79, ""ESTIMATED_LICENSES"": 23, ""PRICE_PER_LICENSE"": 7601.0375, ""SIMILAR_COMPANIES_WITH_PRODUCT"": ""Bode - Mayer, Medical Systems""}, {""PRODUCT_ID"": ""PROD_003"", ""PRODUCT_NAME"": ""Umbrella Cloud Security"", ""PRODUCT_TYPE"": ""Platform"", ""POTENTIAL_ARR"": 116353.48727272726, ""EXPECTED_ARR"": 102391.0688, ""PURCHASE_PROBABILITY"": 88.0, ""MAX_SIMILARITY_SCORE"": 88, ""ESTIMATED_LICENSES"": 23, ""PRICE_PER_LICENSE"": 5058.847272727272, ""SIMILAR_COMPANIES_WITH_PRODUCT"": ""Kris - Dibbert, Medical Systems""}, {""PRODUCT_ID"": ""PROD_004"", ""PRODUCT_NAME"": ""Webex Collaboration Platform"", ""PRODUCT_TYPE"": ""Platform"", ""POTENTIAL_ARR"": 119901.599, ""EXPECTED_ARR"": 91125.21524, ""PURCHASE_PROBABILITY"": 76.0, ""MAX_SIMILARITY_SCORE"": 76, ""ESTIMATED_LICENSES"": 23, ""PRICE_PER_LICENSE"": 5213.113, ""SIMILAR_COMPANIES_WITH_PRODUCT"": ""Wealth Group""}]",Catalyst Network Infrastructure,161143
CUST_000005,"White, Boehm and Hilpert",1833761,3,4,624304,484960,"Hansen LLC, Cronin and Sons, Investment Management, Ondricka, Waters and Wilderman, Gutmann, King and Gorczany",76.2,"[{""PRODUCT_ID"": ""PROD_010"", ""PRODUCT_NAME"": ""Contact Center AI"", ""PRODUCT_TYPE"": ""Platform"", ""POTENTIAL_ARR"": 198445.83999999997, ""EXPECTED_ARR"": 156772.2136, ""PURCHASE_PROBABILITY"": 79.0, ""MAX_SIMILARITY_SCORE"": 79, ""ESTIMATED_LICENSES"": 29, ""PRICE_PER_LICENSE"": 6842.959999999999, ""SIMILAR_COMPANIES_WITH_PRODUCT"": ""Hansen LLC""}, {""PRODUCT_ID"": ""PROD_001"", ""PRODUCT_NAME"": ""Meraki Security Suite"", ""PRODUCT_TYPE"": ""Platform"", ""POTENTIAL_ARR"": 167016.06647058824, ""EXPECTED_ARR"": 126932.21051764706, ""PURCHASE_PROBABILITY"": 76.0, ""MAX_SIMILARITY_SCORE"": 76, ""ESTIMATED_LICENSES"": 29, ""PRICE_PER_LICENSE"": 5759.174705882353, ""SIMILAR_COMPANIES_WITH_PRODUCT"": ""Ondricka, Waters and Wilderman, Gutmann, King and Gorczany""}, {""PRODUCT_ID"": ""PROD_004"", ""PRODUCT_NAME"": ""Webex Collaboration Platform"", ""PRODUCT_TYPE"": ""Platform"", ""POTENTIAL_ARR"": 151180.277, ""EXPECTED_ARR"": 119432.41883000001, ""PURCHASE_PROBABILITY"": 79.0, ""MAX_SIMILARITY_SCORE"": 79, ""ESTIMATED_LICENSES"": 29, ""PRICE_PER_LICENSE"": 5213.113, ""SIMILAR_COMPANIES_WITH_PRODUCT"": ""Hansen LLC, Cronin and Sons, Investment Management""}, {""PRODUCT_ID"": ""PROD_002"", ""PRODUCT_NAME"": ""Duo Multi-Factor Authentication"", ""PRODUCT_TYPE"": ""Add-on"", ""POTENTIAL_ARR"": 107662.21428571429, ""EXPECTED_ARR"": 81823.28285714285, ""PURCHASE_PROBABILITY"": 76.0, ""MAX_SIMILARITY_SCORE"": 76, ""ESTIMATED_LICENSES"": 20, ""PRICE_PER_LICENSE"": 5383.1107142857145, ""SIMILAR_COMPANIES_WITH_PRODUCT"": ""Cronin and Sons""}]",Contact Center AI,156772
CUST_000025,"Herzog, Bode and Frami",343375,2,3,529027,416262,"Corwin LLC, Gutmann, King and Gorczany, Wealth Capital, Pagac - Muller, Baumbach, Dietrich and Mueller",77.2,"[{""PRODUCT_ID"": ""PROD_001"", ""PRODUCT_NAME"": ""Meraki Security Suite"", ""PRODUCT_TYPE"": ""Platform"", ""POTENTIAL_ARR"": 190052.76529411765, ""EXPECTED_ARR"": 150141.68458235296, ""PURCHASE_PROBABILITY"": 79.0, ""MAX_SIMILARITY_SCORE"": 79, ""ESTIMATED_LICENSES"": 33, ""PRICE_PER_LICENSE"": 5759.174705882353, ""SIMILAR_COMPANIES_WITH_PRODUCT"": ""Corwin LLC, Gutmann, King and Gorczany""}, {""PRODUCT_ID"": ""PROD_004"", ""PRODUCT_NAME"": ""Webex Collaboration Platform"", ""PRODUCT_TYPE"": ""Platform"", ""POTENTIAL_ARR"": 172032.72900000002, ""EXPECTED_ARR"": 135905.85591, ""PURCHASE_PROBABILITY"": 79.0, ""MAX_SIMILARITY_SCORE"": 79, ""ESTIMATED_LICENSES"": 33, ""PRICE_PER_LICENSE"": 5213.113, ""SIMILAR_COMPANIES_WITH_PRODUCT"": ""Corwin LLC, Wealth Capital, Pagac - Muller""}, {""PRODUCT_ID"": ""PROD_003"", ""PRODUCT_NAME"": ""Umbrella Cloud Security"", ""PRODUCT_TYPE"": ""Platform"", ""POTENTIAL_ARR"": 166941.95999999996, ""EXPECTED_ARR"": 130214.72879999998, ""PURCHASE_PROBABILITY"": 78.0, ""MAX_SIMILARITY_SCORE"": 78, ""ESTIMATED_LICENSES"": 33, ""PRICE_PER_LICENSE"": 5058.847272727272, ""SIMILAR_COMPANIES_WITH_PRODUCT"": ""Wealth Capital""}]",Meraki Security Suite,150142
CUST_000036,Trust Holdings,51826,3,4,481475,390685,"Capital Management, Wealth Group, Medical Systems, Credit Group, Credit Advisors",79.6,"[{""PRODUCT_ID"": ""PROD_007"", ""PRODUCT_NAME"": ""Catalyst Network Infrastructure"", ""PRODUCT_TYPE"": ""Platform"", ""POTENTIAL_ARR"": 156717.62999999998, ""EXPECTED_ARR"": 123806.92769999999, ""PURCHASE_PROBABILITY"": 79.0, ""MAX_SIMILARITY_SCORE"": 79, ""ESTIMATED_LICENSES"": 17, ""PRICE_PER_LICENSE"": 9218.684117647057, ""SIMILAR_COMPANIES_WITH_PRODUCT"": ""Wealth Group, Credit Group""}, {""PRODUCT_ID"": ""PROD_006"", ""PRODUCT_NAME"": ""AppDynamics APM"", ""PRODUCT_TYPE"": ""Platform"", ""POTENTIAL_ARR"": 150134.29454545453, ""EXPECTED_ARR"": 118606.09269090908, ""PURCHASE_PROBABILITY"": 79.0, ""MAX_SIMILARITY_SCORE"": 79, ""ESTIMATED_LICENSES"": 17, ""PRICE_PER_LICENSE"": 8831.42909090909, ""SIMILAR_COMPANIES_WITH_PRODUCT"": ""Wealth Group, Credit Group""}, {""PRODUCT_ID"": ""PROD_003"", ""PRODUCT_NAME"": ""Umbrella Cloud Security"", ""PRODUCT_TYPE"": ""Platform"", ""POTENTIAL_ARR"": 86000.40363636363, ""EXPECTED_ARR"": 78260.3673090909, ""PURCHASE_PROBABILITY"": 91.0, ""MAX_SIMILARITY_SCORE"": 91, ""ESTIMATED_LICENSES"": 17, ""PRICE_PER_LICENSE"": 5058.847272727272, ""SIMILAR_COMPANIES_WITH_PRODUCT"": ""Capital Management, Medical Systems, Credit Advisors""}, {""PRODUCT_ID"": ""PROD_004"", ""PRODUCT_NAME"": ""Webex Collaboration Platform"", ""PRODUCT_TYPE"": ""Platform"", ""POTENTIAL_ARR"": 88622.921, ""EXPECTED_ARR"": 70012.10759, ""PURCHASE_PROBABILITY"": 79.0, ""MAX_SIMILARITY_SCORE"": 79, ""ESTIMATED_LICENSES"": 17, ""PRICE_PER_LICENSE"": 5213.113, ""SIMILAR_COMPANIES_WITH_PRODUCT"": ""Wealth Group, Credit Advisors""}]",Catalyst Network Infrastructure,123807
CUST_000026,Credit Group,441614,2,4,472643,387401,"Wealth Capital, Schultz - Collins, Wealth Group, Capital Management, Baumbach, Dietrich and Mueller",80.0,"[{""PRODUCT_ID"": ""PROD_005"", ""PRODUCT_NAME"": ""ThousandEyes Network Intelligence"", ""PRODUCT_TYPE"": ""Platform"", ""POTENTIAL_ARR"": 152020.75, ""EXPECTED_ARR"": 118576.185, ""PURCHASE_PROBABILITY"": 78.0, ""MAX_SIMILARITY_SCORE"": 78, ""ESTIMATED_LICENSES"": 20, ""PRICE_PER_LICENSE"": 7601.0375, ""SIMILAR_COMPANIES_WITH_PRODUCT"": ""Capital Management, Baumbach, Dietrich and Mueller""}, {""PRODUCT_ID"": ""PROD_001"", ""PRODUCT_NAME"": ""Meraki Security Suite"", ""PRODUCT_TYPE"": ""Platform"", ""POTENTIAL_ARR"": 115183.49411764706, ""EXPECTED_ARR"": 92146.79529411765, ""PURCHASE_PROBABILITY"": 80.0, ""MAX_SIMILARITY_SCORE"": 80, ""ESTIMATED_LICENSES"": 20, ""PRICE_PER_LICENSE"": 5759.174705882353, ""SIMILAR_COMPANIES_WITH_PRODUCT"": ""Schultz - Collins, Capital Management""}, {""PRODUCT_ID"": ""PROD_004"", ""PRODUCT_NAME"": ""Webex Collaboration Platform"", ""PRODUCT_TYPE"": ""Platform"", ""POTENTIAL_ARR"": 104262.26000000001, ""EXPECTED_ARR"": 89665.5436, ""PURCHASE_PROBABILITY"": 86.0, ""MAX_SIMILARITY_SCORE"": 86, ""ESTIMATED_LICENSES"": 20, ""PRICE_PER_LICENSE"": 5213.113, ""SIMILAR_COMPANIES_WITH_PRODUCT"": ""Wealth Capital, Wealth Group, Baumbach, Dietrich and Mueller""}, {""PRODUCT_ID"": ""PROD_003"", ""PRODUCT_NAME"": ""Umbrella Cloud Security"", ""PRODUCT_TYPE"": ""Platform"", ""POTENTIAL_ARR"": 101176.94545454544, ""EXPECTED_ARR"": 87012.17309090907, ""PURCHASE_PROBABILITY"": 86.0, ""MAX_SIMILARITY_SCORE"": 86, ""ESTIMATED_LICENSES"": 20, ""PRICE_PER_LICENSE"": 5058.847272727272, ""SIMILAR_COMPANIES_WITH_PRODUCT"": ""Wealth Capital, Schultz - Collins, Capital Management""}]",ThousandEyes Network Intelligence,118576
CUST_000027,"Gutmann, King and Gorczany",474193,2,4,420171,347673,"Hansen LLC, Credit Advisors, Bashirian Inc, Collier, Bayer and Ward, Herzog, Bode and Frami",81.8,"[{""PRODUCT_ID"": ""PROD_005"", ""PRODUCT_NAME"": ""ThousandEyes Network Intelligence"", ""PRODUCT_TYPE"": ""Platform"", ""POTENTIAL_ARR"": 129217.63750000001, ""EXPECTED_ARR"": 102081.93362500002, ""PURCHASE_PROBABILITY"": 79.0, ""MAX_SIMILARITY_SCORE"": 79, ""ESTIMATED_LICENSES"": 17, ""PRICE_PER_LICENSE"": 7601.0375, ""SIMILAR_COMPANIES_WITH_PRODUCT"": ""Herzog, Bode and Frami""}, {""PRODUCT_ID"": ""PROD_010"", ""PRODUCT_NAME"": ""Contact Center AI"", ""PRODUCT_TYPE"": ""Platform"", ""POTENTIAL_ARR"": 116330.31999999998, ""EXPECTED_ARR"": 98880.77199999998, ""PURCHASE_PROBABILITY"": 85.0, ""MAX_SIMILARITY_SCORE"": 85, ""ESTIMATED_LICENSES"": 17, ""PRICE_PER_LICENSE"": 6842.959999999999, ""SIMILAR_COMPANIES_WITH_PRODUCT"": ""Hansen LLC""}, {""PRODUCT_ID"": ""PROD_004"", ""PRODUCT_NAME"": ""Webex Collaboration Platform"", ""PRODUCT_TYPE"": ""Platform"", ""POTENTIAL_ARR"": 88622.921, ""EXPECTED_ARR"": 75329.48285, ""PURCHASE_PROBABILITY"": 85.0, ""MAX_SIMILARITY_SCORE"": 85, ""ESTIMATED_LICENSES"": 17, ""PRICE_PER_LICENSE"": 5213.113, ""SIMILAR_COMPANIES_WITH_PRODUCT"": ""Hansen LLC, Credit Advisors, Bashirian Inc""}, {""PRODUCT_ID"": ""PROD_003"", ""PRODUCT_NAME"": ""Umbrella Cloud Security"", ""PRODUCT_TYPE"": ""Platform"", ""POTENTIAL_ARR"": 86000.40363636363, ""EXPECTED_ARR"": 71380.33501818181, ""PURCHASE_PROBABILITY"": 83.0, ""MAX_SIMILARITY_SCORE"": 83, ""ESTIMATED_LICENSES"": 17, ""PRICE_PER_LICENSE"": 5058.847272727272, ""SIMILAR_COMPANIES_WITH_PRODUCT"": ""Credit Advisors, Bashirian Inc, Collier, Bayer and Ward""}]",ThousandEyes Network Intelligence,102082
CUST_000044,Corwin LLC,24362,2,4,278346,218009,"Bashirian Inc, Herzog, Bode and Frami, Goldner - Bartoletti, Pagac - Muller, Cronin and Sons",75.8,"[{""PRODUCT_ID"": ""PROD_007"", ""PRODUCT_NAME"": ""Catalyst Network Infrastructure"", ""PRODUCT_TYPE"": ""Platform"", ""POTENTIAL_ARR"": 101405.52529411763, ""EXPECTED_ARR"": 80110.36498235293, ""PURCHASE_PROBABILITY"": 79.0, ""MAX_SIMILARITY_SCORE"": 79, ""ESTIMATED_LICENSES"": 11, ""PRICE_PER_LICENSE"": 9218.684117647057, ""SIMILAR_COMPANIES_WITH_PRODUCT"": ""Herzog, Bode and Frami""}, {""PRODUCT_ID"": ""PROD_005"", ""PRODUCT_NAME"": ""ThousandEyes Network Intelligence"", ""PRODUCT_TYPE"": ""Platform"", ""POTENTIAL_ARR"": 83611.4125, ""EXPECTED_ARR"": 66053.01587500001, ""PURCHASE_PROBABILITY"": 79.0, ""MAX_SIMILARITY_SCORE"": 79, ""ESTIMATED_LICENSES"": 11, ""PRICE_PER_LICENSE"": 7601.0375, ""SIMILAR_COMPANIES_WITH_PRODUCT"": ""Herzog, Bode and Frami, Pagac - Muller""}, {""PRODUCT_ID"": ""PROD_003"", ""PRODUCT_NAME"": ""Umbrella Cloud Security"", ""PRODUCT_TYPE"": ""Platform"", ""POTENTIAL_ARR"": 55647.31999999999, ""EXPECTED_ARR"": 43961.3828, ""PURCHASE_PROBABILITY"": 79.0, ""MAX_SIMILARITY_SCORE"": 79, ""ESTIMATED_LICENSES"": 11, ""PRICE_PER_LICENSE"": 5058.847272727272, ""SIMILAR_COMPANIES_WITH_PRODUCT"": ""Bashirian Inc""}, {""PRODUCT_ID"": ""PROD_002"", ""PRODUCT_NAME"": ""Duo Multi-Factor Authentication"", ""PRODUCT_TYPE"": ""Add-on"", ""POTENTIAL_ARR"": 37681.775, ""EXPECTED_ARR"": 27884.5135, ""PURCHASE_PROBABILITY"": 74.0, ""MAX_SIMILARITY_SCORE"": 74, ""ESTIMATED_LICENSES"": 7, ""PRICE_PER_LICENSE"": 5383.1107142857145, ""SIMILAR_COMPANIES_WITH_PRODUCT"": ""Goldner - Bartoletti, Cronin and Sons""}]",Catalyst Network Infrastructure,80110
CUST_000043,Cronin and Sons,10017,2,6,258247,197299,"Hansen LLC, Gutmann, King and Gorczany, White, Boehm and Hilpert, Corwin LLC, Credit Advisors",75.4,"[{""PRODUCT_ID"": ""PROD_009"", ""PRODUCT_NAME"": ""DNA Center Network Automation"", ""PRODUCT_TYPE"": ""Platform"", ""POTENTIAL_ARR"": 85843.88333333335, ""EXPECTED_ARR"": 65241.35133333335, ""PURCHASE_PROBABILITY"": 76.0, ""MAX_SIMILARITY_SCORE"": 76, ""ESTIMATED_LICENSES"": 5, ""PRICE_PER_LICENSE"": 17168.77666666667, ""SIMILAR_COMPANIES_WITH_PRODUCT"": ""White, Boehm and Hilpert""}, {""PRODUCT_ID"": ""PROD_007"", ""PRODUCT_NAME"": ""Catalyst Network Infrastructure"", ""PRODUCT_TYPE"": ""Platform"", ""POTENTIAL_ARR"": 46093.42058823528, ""EXPECTED_ARR"": 35491.93385294117, ""PURCHASE_PROBABILITY"": 77.0, ""MAX_SIMILARITY_SCORE"": 77, ""ESTIMATED_LICENSES"": 5, ""PRICE_PER_LICENSE"": 9218.684117647057, ""SIMILAR_COMPANIES_WITH_PRODUCT"": ""Gutmann, King and Gorczany, White, Boehm and Hilpert""}, {""PRODUCT_ID"": ""PROD_005"", ""PRODUCT_NAME"": ""ThousandEyes Network Intelligence"", ""PRODUCT_TYPE"": ""Platform"", ""POTENTIAL_ARR"": 38005.1875, ""EXPECTED_ARR"": 28883.9425, ""PURCHASE_PROBABILITY"": 76.0, ""MAX_SIMILARITY_SCORE"": 76, ""ESTIMATED_LICENSES"": 5, ""PRICE_PER_LICENSE"": 7601.0375, ""SIMILAR_COMPANIES_WITH_PRODUCT"": ""White, Boehm and Hilpert""}, {""PRODUCT_ID"": ""PROD_010"", ""PRODUCT_NAME"": ""Contact Center AI"", ""PRODUCT_TYPE"": ""Platform"", ""POTENTIAL_ARR"": 34214.799999999996, ""EXPECTED_ARR"": 28056.135999999995, ""PURCHASE_PROBABILITY"": 82.0, ""MAX_SIMILARITY_SCORE"": 82, ""ESTIMATED_LICENSES"": 5, ""PRICE_PER_LICENSE"": 6842.959999999999, ""SIMILAR_COMPANIES_WITH_PRODUCT"": ""Hansen LLC""}, {""PRODUCT_ID"": ""PROD_001"", ""PRODUCT_NAME"": ""Meraki Security Suite"", ""PRODUCT_TYPE"": ""Platform"", ""POTENTIAL_ARR"": 28795.873529411765, ""EXPECTED_ARR"": 22172.82261764706, ""PURCHASE_PROBABILITY"": 77.0, ""MAX_SIMILARITY_SCORE"": 77, ""ESTIMATED_LICENSES"": 5, ""PRICE_PER_LICENSE"": 5759.174705882353, ""SIMILAR_COMPANIES_WITH_PRODUCT"": ""Gutmann, King and Gorczany, Corwin LLC""}, {""PRODUCT_ID"": ""PROD_003"", ""PRODUCT_NAME"": ""Umbrella Cloud Security"", ""PRODUCT_TYPE"": ""Platform"", ""POTENTIAL_ARR"": 25294.23636363636, ""EXPECTED_ARR"": 17453.023090909086, ""PURCHASE_PROBABILITY"": 69.0, ""MAX_SIMILARITY_SCORE"": 69, ""ESTIMATED_LICENSES"": 5, ""PRICE_PER_LICENSE"": 5058.847272727272, ""SIMILAR_COMPANIES_WITH_PRODUCT"": ""Credit Advisors""}]",DNA Center Network Automation,65241
CUST_000045,Goldner - Bartoletti,22076,3,4,255008,193396,"Stokes and Sons, Bode - Mayer, Corwin LLC, Trust Holdings, Medical Systems",74.4,"[{""PRODUCT_ID"": ""PROD_006"", ""PRODUCT_NAME"": ""AppDynamics APM"", ""PRODUCT_TYPE"": ""Platform"", ""POTENTIAL_ARR"": 79482.86181818182, ""EXPECTED_ARR"": 61201.8036, ""PURCHASE_PROBABILITY"": 77.0, ""MAX_SIMILARITY_SCORE"": 77, ""ESTIMATED_LICENSES"": 9, ""PRICE_PER_LICENSE"": 8831.42909090909, ""SIMILAR_COMPANIES_WITH_PRODUCT"": ""Stokes and Sons""}, {""PRODUCT_ID"": ""PROD_005"", ""PRODUCT_NAME"": ""ThousandEyes Network Intelligence"", ""PRODUCT_TYPE"": ""Platform"", ""POTENTIAL_ARR"": 68409.33750000001, ""EXPECTED_ARR"": 51991.09650000001, ""PURCHASE_PROBABILITY"": 76.0, ""MAX_SIMILARITY_SCORE"": 76, ""ESTIMATED_LICENSES"": 9, ""PRICE_PER_LICENSE"": 7601.0375, ""SIMILAR_COMPANIES_WITH_PRODUCT"": ""Bode - Mayer, Trust Holdings, Medical Systems""}, {""PRODUCT_ID"": ""PROD_010"", ""PRODUCT_NAME"": ""Contact Center AI"", ""PRODUCT_TYPE"": ""Platform"", ""POTENTIAL_ARR"": 61586.63999999999, ""EXPECTED_ARR"": 47421.712799999994, ""PURCHASE_PROBABILITY"": 77.0, ""MAX_SIMILARITY_SCORE"": 77, ""ESTIMATED_LICENSES"": 9, ""PRICE_PER_LICENSE"": 6842.959999999999, ""SIMILAR_COMPANIES_WITH_PRODUCT"": ""Stokes and Sons, Bode - Mayer, Trust Holdings""}, {""PRODUCT_ID"": ""PROD_003"", ""PRODUCT_NAME"": ""Umbrella Cloud Security"", ""PRODUCT_TYPE"": ""Platform"", ""POTENTIAL_ARR"": 45529.62545454545, ""EXPECTED_ARR"": 32781.33032727272, ""PURCHASE_PROBABILITY"": 72.0, ""MAX_SIMILARITY_SCORE"": 72, ""ESTIMATED_LICENSES"": 9, ""PRICE_PER_LICENSE"": 5058.847272727272, ""SIMILAR_COMPANIES_WITH_PRODUCT"": ""Medical Systems""}]",AppDynamics APM,61202
